detail_id,order_id,dishes_id,logicprn_name,parent_class_name,dishes_name,itemis_add,counts,amounts,cost,place_order_time,discount_amt,discount_reason,kick_back,add_inprice,add_info,bar_code,picture_file,emp_id
2956,417,610062,,,蒜蓉生蚝,0,1,49,,2016/8/111:05:00,,,,0,,,caipu/104001.jpg,1442
1899,301,610019,,,白斩鸡,0,1,88,,2016/8/111:15:00,,,,0,,,caipu/204002.jpg,1095
2916,413,609966,,,芝士烩波士顿龙虾,0,1,175,,2016/8/112:42:00,,,,0,,,caipu/101001.jpg,1147
2938,415,609964,,,避风塘炒蟹,0,1,48,,2016/8/112:51:00,,,,0,,,caipu/102004.jpg,1166
2643,392,609930,,,豌豆薯仔猪骨汤,0,1,39,,2016/8/112:58:00,,,,0,,,caipu/203001.jpg,1094
2535,381,609996,,,牛尾汤,0,1,40,,2016/8/113:13:00,,,,0,,,caipu/201006.jpg,1243
3059,429,609968,,,油焖麻辣虾,0,1,65,,2016/8/113:17:00,,,,0,,,caipu/101003.jpg,1452
3116,433,609978,,,爆炒鳝碌,0,1,55,,2016/8/113:38:00,,,,0,,,caipu/106003.jpg,1109
4509,569,609963,,,盘蟹蒸蛋,0,2,55,,2016/8/117:06:00,,,,0,,,caipu/102003.jpg,1143
5453,655,609968,,,油焖麻辣虾,0,1,65,,2016/8/117:32:00,,,,0,,,caipu/101003.jpg,1268
4586,577,609966,,,芝士烩波士顿龙虾,0,1,175,,2016/8/117:37:00,,,,0,,,caipu/101001.jpg,1150
5143,622,610043,,,肉丁茄子,0,1,39,,2016/8/117:40:00,,,,0,,,caipu/305002.jpg,1220
5428,651,610039,,,培根紫菜卷,0,1,30,,2016/8/118:12:00,,,,0,,,caipu/105003.jpg,1593
5875,694,609966,,,芝士烩波士顿龙虾,0,1,175,,2016/8/118:27:00,,,,0,,,caipu/101001.jpg,1122
3461,462,609935,,,山药养生粥,0,1,19,,2016/8/118:45:00,,,,0,,,caipu/602001.jpg,1187
3411,458,610063,,,蒜香辣花甲,0,1,45,,2016/8/119:27:00,,,,0,,,caipu/104002.jpg,1455
3516,467,609970,,,麻辣小龙虾,0,1,99,,2016/8/119:40:00,,,,0,,,caipu/101006.jpg,1213
4435,562,609966,,,芝士烩波士顿龙虾,0,1,175,,2016/8/119:44:00,,,,0,,,caipu/101001.jpg,1552
3715,486,609970,,,麻辣小龙虾,0,1,99,,2016/8/120:31:00,,,,0,,,caipu/101006.jpg,1156
4027,517,609943,,,剁椒鱼头,0,1,55,,2016/8/121:11:00,,,,0,,,caipu/103004.jpg,1008
3356,452,609944,,,水煮鱼,0,1,65,,2016/8/121:19:00,,,,0,,,caipu/103005.jpg,1114
3301,448,610008,,,五色糯米饭(七色),0,1,35,,2016/8/121:37:00,,,,0,,,caipu/601002.jpg,1449
1056,193,609981,,,桂圆枸杞鸽子汤,0,1,48,,2016/8/211:20:00,,,,0,,,caipu/205001.jpg,1084
857,166,609944,,,水煮鱼,0,1,65,,2016/8/211:24:00,,,,0,,,caipu/103005.jpg,986
2213,342,609941,,,清蒸海鱼,0,1,78,,2016/8/211:58:00,,,,0,,,caipu/103002.jpg,1450
1646,260,609965,,,葱姜炒蟹,0,1,109,,2016/8/212:37:00,,,,0,,,caipu/102005.jpg,990
2363,367,609970,,,麻辣小龙虾,0,1,99,,2016/8/212:58:00,,,,0,,,caipu/101006.jpg,1119
2376,368,606106,,,铁板牛肉,0,1,66,,2016/8/213:13:00,,,,0,,,/jsp/pc/images/606106.jpg,1125
2350,365,609944,,,水煮鱼,0,1,65,,2016/8/213:21:00,,,,0,,,caipu/103005.jpg,992
891,171,609968,,,油焖麻辣虾,0,1,65,,2016/8/213:51:00,,,,0,,,caipu/101003.jpg,1463
5247,631,610039,,,培根紫菜卷,0,1,30,,2016/8/217:57:00,,,,0,,,caipu/105003.jpg,1188
5409,650,609934,,,芹菜炒腰花,0,1,18,,2016/8/218:20:00,,,,0,,,caipu/203005.jpg,1212
6316,734,609941,,,清蒸海鱼,0,1,78,,2016/8/218:23:00,,,,0,,,caipu/103002.jpg,1278
4295,548,609966,,,芝士烩波士顿龙虾,0,1,175,,2016/8/218:55:00,,,,0,,,caipu/101001.jpg,1103
4570,574,609943,,,剁椒鱼头,0,1,55,,2016/8/219:00:00,,,,0,,,caipu/103004.jpg,1115
6141,719,609957,,,蒙古烤羊腿,0,1,48,,2016/8/219:24:00,,,,0,,,caipu/202003.jpg,1162
4679,585,609966,,,芝士烩波士顿龙虾,0,1,175,,2016/8/220:17:00,,,,0,,,caipu/101001.jpg,1181
5047,613,609941,,,清蒸海鱼,0,1,78,,2016/8/221:01:00,,,,0,,,caipu/103002.jpg,1451
5815,688,609944,,,水煮鱼,0,1,65,,2016/8/221:05:00,,,,0,,,caipu/103005.jpg,1157
3747,491,609991,,,香烤牛排,0,1,55,,2016/8/221:38:00,,,,0,,,caipu/201001.jpg,1169
3093,432,609963,,,盘蟹蒸蛋,0,1,55,,2016/8/312:52:00,,,,0,,,caipu/102003.jpg,1175
941,177,610063,,,蒜香辣花甲,0,1,45,,2016/8/312:56:00,,,,0,,,caipu/104002.jpg,1141
2049,320,609970,,,麻辣小龙虾,0,1,99,,2016/8/313:03:00,,,,0,,,caipu/101006.jpg,1538
2004,317,609942,,,辣炒鱿鱼,0,1,58,,2016/8/313:07:00,,,,0,,,caipu/103003.jpg,1091
1766,281,609967,,,香酥两吃大虾,0,1,89,,2016/8/313:51:00,,,,0,,,caipu/101002.jpg,997
754,137,610047,,,西瓜胡萝卜沙拉,0,1,26,,2016/8/314:01:00,,,,0,,,caipu/301001.jpg,1248
5631,670,609970,,,麻辣小龙虾,0,1,99,,2016/8/317:16:00,,,,0,,,caipu/101006.jpg,1570
6775,776,610017,,,酸辣藕丁,0,1,33,,2016/8/317:34:00,,,,0,,,caipu/302006.jpg,1204
3770,492,609970,,,麻辣小龙虾,0,1,99,,2016/8/318:22:00,,,,0,,,caipu/101006.jpg,1129
5061,615,609969,,,香辣腐乳炒虾,0,1,56,,2016/8/318:52:00,,,,0,,,caipu/101004.jpg,1261
6506,749,609970,,,麻辣小龙虾,0,1,99,,2016/8/319:47:00,,,,0,,,caipu/101006.jpg,1139
3727,488,609970,,,麻辣小龙虾,0,1,99,,2016/8/320:08:00,,,,0,,,caipu/101006.jpg,1110
6729,773,610039,,,培根紫菜卷,0,1,30,,2016/8/320:45:00,,,,0,,,caipu/105003.jpg,1193
5513,660,609967,,,香酥两吃大虾,0,1,89,,2016/8/320:49:00,,,,0,,,caipu/101002.jpg,1116
5100,619,609970,,,麻辣小龙虾,0,1,99,,2016/8/320:58:00,,,,0,,,caipu/101006.jpg,1124
5398,649,609976,,,芹黄鳝丝,0,1,58,,2016/8/321:25:00,,,,0,,,caipu/106001.jpg,1557
1888,302,609966,,,芝士烩波士顿龙虾,0,1,175,,2016/8/411:06:00,,,,0,,,caipu/101001.jpg,1458
2198,310,609966,,,芝士烩波士顿龙虾,0,1,175,,2016/8/411:58:00,,,,0,,,caipu/101001.jpg,1303
2538,383,609965,,,葱姜炒蟹,0,1,109,,2016/8/412:09:00,,,,0,,,caipu/102005.jpg,1105
4286,547,609961,,,姜葱炒花蟹,0,1,45,,2016/8/417:38:00,,,,0,,,caipu/102001.jpg,1018
5611,668,609967,,,香酥两吃大虾,0,1,89,,2016/8/418:06:00,,,,0,,,caipu/101002.jpg,1232
6417,742,609962,,,倒立蒸梭子蟹,0,1,169,,2016/8/418:21:00,,,,0,,,caipu/102002.jpg,1597
4792,593,609970,,,麻辣小龙虾,0,1,99,,2016/8/418:36:00,,,,0,,,caipu/101006.jpg,1189
5523,1259,610066,,,辣炒田螺,0,1,35,,2016/8/418:52:00,,,,0,,,caipu/104005.jpg,1115
6003,703,609967,,,香酥两吃大虾,0,1,89,,2016/8/418:54:00,,,,0,,,caipu/101002.jpg,1594
5691,673,610062,,,蒜蓉生蚝,0,1,49,,2016/8/420:38:00,,,,0,,,caipu/104001.jpg,1221
5628,669,609966,,,芝士烩波士顿龙虾,0,1,175,,2016/8/421:12:00,,,,0,,,caipu/101001.jpg,1273
3231,443,610010,,,白饭/小碗,0,6,1,,2016/8/421:32:00,,,,0,,,caipu/601004.jpg,1605
4417,557,609966,,,芝士烩波士顿龙虾,0,1,175,,2016/8/421:54:00,,,,0,,,caipu/101001.jpg,1163
2161,333,609959,,,小炒羊腰,0,1,36,,2016/8/512:04:00,,,,0,,,caipu/202005.jpg,1249
2548,384,609941,,,清蒸海鱼,0,1,78,,2016/8/512:27:00,,,,0,,,caipu/103002.jpg,1148
7367,831,609969,,,香辣腐乳炒虾,0,1,56,,2016/8/512:36:00,,,,0,,,caipu/101004.jpg,1096
2525,382,609970,,,麻辣小龙虾,0,1,99,,2016/8/512:41:00,,,,0,,,caipu/101006.jpg,1206
1976,313,609969,,,香辣腐乳炒虾,0,1,56,,2016/8/513:39:00,,,,0,,,caipu/101004.jpg,1226
8047,892,609940,,,清蒸蝶鱼,0,1,56,,2016/8/513:42:00,,,,0,,,caipu/103001.jpg,989
6619,762,610039,,,培根紫菜卷,0,1,30,,2016/8/517:16:00,,,,0,,,caipu/105003.jpg,1138
3153,1070,609966,,,芝士烩波士顿龙虾,0,1,175,,2016/8/517:23:00,,,,0,,,caipu/101001.jpg,1177
5771,682,609968,,,油焖麻辣虾,0,1,65,,2016/8/518:28:00,,,,0,,,caipu/101003.jpg,1144
4228,541,609944,,,水煮鱼,0,1,65,,2016/8/518:37:00,,,,0,,,caipu/103005.jpg,1151
5021,610,609964,,,避风塘炒蟹,0,1,48,,2016/8/518:38:00,,,,0,,,caipu/102004.jpg,1571
4580,575,609967,,,香酥两吃大虾,0,1,89,,2016/8/518:42:00,,,,0,,,caipu/101002.jpg,1093
5425,652,610041,,,凉拌海带豆芽紫菜,0,1,35,,2016/8/518:53:00,,,,0,,,caipu/105005.jpg,1164
6827,779,609991,,,香烤牛排,0,6,55,,2016/8/519:05:00,,,,0,,,caipu/201001.jpg,1304
4551,573,609970,,,麻辣小龙虾,0,1,99,,2016/8/519:37:00,,,,0,,,caipu/101006.jpg,1337
3335,451,609958,,,香辣爆羊肝,0,1,28,,2016/8/520:00:00,,,,0,,,caipu/202004.jpg,1488
5760,681,609970,,,麻辣小龙虾,0,1,99,,2016/8/520:22:00,,,,0,,,caipu/101006.jpg,1183
3862,502,609969,,,香辣腐乳炒虾,0,1,56,,2016/8/520:56:00,,,,0,,,caipu/101004.jpg,1028
4260,545,609969,,,香辣腐乳炒虾,0,1,56,,2016/8/520:59:00,,,,0,,,caipu/101004.jpg,1117
4617,578,609932,,,爆炒猪肝,0,1,68,,2016/8/521:34:00,,,,0,,,caipu/203003.jpg,1404
5077,617,609970,,,麻辣小龙虾,0,1,99,,2016/8/522:01:00,,,,0,,,caipu/101006.jpg,1107
2563,386,609966,,,芝士烩波士顿龙虾,0,1,175,,2016/8/611:05:00,,,,0,,,caipu/101001.jpg,1160
3466,434,609958,,,香辣爆羊肝,0,1,28,,2016/8/611:17:00,,,,0,,,caipu/202004.jpg,1377
8055,894,609966,,,芝士烩波士顿龙虾,0,1,175,,2016/8/611:20:00,,,,0,,,caipu/101001.jpg,1140
7310,824,609966,,,芝士烩波士顿龙虾,0,1,175,,2016/8/611:38:00,,,,0,,,caipu/101001.jpg,1601
7452,837,609967,,,香酥两吃大虾,0,1,89,,2016/8/611:42:00,,,,0,,,caipu/101002.jpg,1024
7188,814,609931,,,焖猪手,0,1,58,,2016/8/611:49:00,,,,0,,,caipu/203002.jpg,1129
2640,391,610039,,,培根紫菜卷,0,1,30,,2016/8/611:58:00,,,,0,,,caipu/105003.jpg,1253
1675,266,609943,,,剁椒鱼头,0,1,55,,2016/8/612:28:00,,,,0,,,caipu/103004.jpg,990
2739,399,610065,,,辣炒花蛤,0,1,35,,2016/8/612:37:00,,,,0,,,caipu/104004.jpg,1167
7742,865,609966,,,芝士烩波士顿龙虾,0,1,175,,2016/8/612:54:00,,,,0,,,caipu/101001.jpg,1130
1953,311,610063,,,蒜香辣花甲,0,1,45,,2016/8/612:57:00,,,,0,,,caipu/104002.jpg,1086
7668,856,609964,,,避风塘炒蟹,0,1,48,,2016/8/613:02:00,,,,0,,,caipu/102004.jpg,1125
1131,203,610064,,,花蛤蒸蛋,0,1,37,,2016/8/613:13:00,,,,0,,,caipu/104003.jpg,1250
7340,829,609967,,,香酥两吃大虾,0,1,89,,2016/8/613:16:00,,,,0,,,caipu/101002.jpg,1220
7661,855,609972,,,核桃葡萄干土司,0,1,19,,2016/8/613:40:00,,,,0,,,caipu/502002.jpg,1598
7576,848,609967,,,香酥两吃大虾,0,1,89,,2016/8/613:41:00,,,,0,,,caipu/101002.jpg,1131
7877,878,609967,,,香酥两吃大虾,0,1,89,,2016/8/613:44:00,,,,0,,,caipu/101002.jpg,1453
7816,872,609961,,,姜葱炒花蟹,0,1,45,,2016/8/613:47:00,,,,0,,,caipu/102001.jpg,1162
7057,800,610050,,,番茄甘蓝,0,1,33,,2016/8/614:02:00,,,,0,,,caipu/301004.jpg,1159
6522,750,609969,,,香辣腐乳炒虾,0,1,56,,2016/8/617:11:00,,,,0,,,caipu/101004.jpg,1459
2370,1004,609955,,,红酒炖羊肉,0,1,108,,2016/8/617:16:00,,,,0,,,caipu/202001.jpg,1105
3281,447,609970,,,麻辣小龙虾,0,1,99,,2016/8/617:16:00,,,,0,,,caipu/101006.jpg,1609
2856,1038,610010,,,白饭/小碗,0,3,1,,2016/8/617:20:00,,,,0,,,caipu/601004.jpg,1139
4130,1149,609966,,,芝士烩波士顿龙虾,0,1,175,,2016/8/617:25:00,,,,0,,,caipu/101001.jpg,1263
5827,690,609965,,,葱姜炒蟹,0,1,109,,2016/8/617:27:00,,,,0,,,caipu/102005.jpg,1274
2662,1026,609946,,,谷稻小庄,0,1,38,,2016/8/617:33:00,,,,0,,,caipu/404002.jpg,1010
2481,1012,610039,,,培根紫菜卷,0,1,30,,2016/8/617:36:00,,,,0,,,caipu/105003.jpg,1106
3835,500,609931,,,焖猪手,0,1,58,,2016/8/617:36:00,,,,0,,,caipu/203002.jpg,1409
6239,1317,609966,,,芝士烩波士顿龙虾,0,1,175,,2016/8/617:49:00,,,,0,,,caipu/101001.jpg,1153
3413,1002,609960,,,白胡椒胡萝卜羊肉汤,0,1,35,,2016/8/617:55:00,,,,0,,,caipu/202006.jpg,1145
3681,484,609961,,,姜葱炒花蟹,0,1,45,,2016/8/618:01:00,,,,0,,,caipu/102001.jpg,1454
4668,584,609969,,,香辣腐乳炒虾,0,1,56,,2016/8/618:02:00,,,,0,,,caipu/101004.jpg,1487
2566,1021,609969,,,香辣腐乳炒虾,0,1,56,,2016/8/618:15:00,,,,0,,,caipu/101004.jpg,1116
5968,1298,609970,,,麻辣小龙虾,0,1,99,,2016/8/618:16:00,,,,0,,,caipu/101006.jpg,1244
4422,1173,609966,,,芝士烩波士顿龙虾,0,1,175,,2016/8/618:23:00,,,,0,,,caipu/101001.jpg,1016
5446,1251,609956,,,孜然羊排,0,1,88,,2016/8/618:32:00,,,,0,,,caipu/202002.jpg,1121
6047,712,609963,,,盘蟹蒸蛋,0,1,55,,2016/8/618:46:00,,,,0,,,caipu/102003.jpg,1148
5840,1290,609970,,,麻辣小龙虾,0,1,99,,2016/8/618:47:00,,,,0,,,caipu/101006.jpg,1558
5505,1258,610019,,,白斩鸡,0,1,88,,2016/8/618:51:00,,,,0,,,caipu/204002.jpg,1606
6805,778,609968,,,油焖麻辣虾,0,1,65,,2016/8/618:54:00,,,,0,,,caipu/101003.jpg,1020
3627,475,610038,,,芝麻烤紫菜,0,1,25,,2016/8/619:05:00,,,,0,,,caipu/105002.jpg,1166
3115,1064,609964,,,避风塘炒蟹,0,1,48,,2016/8/619:06:00,,,,0,,,caipu/102004.jpg,1196
4457,1177,609944,,,水煮鱼,0,1,65,,2016/8/619:11:00,,,,0,,,caipu/103005.jpg,1128
4424,1174,609959,,,小炒羊腰,0,1,36,,2016/8/619:17:00,,,,0,,,caipu/202005.jpg,1152
3550,1103,609963,,,盘蟹蒸蛋,0,1,55,,2016/8/619:50:00,,,,0,,,caipu/102003.jpg,1321
4259,1157,609967,,,香酥两吃大虾,0,1,89,,2016/8/620:00:00,,,,0,,,caipu/101002.jpg,1446
3861,1126,609966,,,芝士烩波士顿龙虾,0,1,175,,2016/8/620:02:00,,,,0,,,caipu/101001.jpg,1118
3369,1031,609944,,,水煮鱼,0,1,65,,2016/8/620:19:00,,,,0,,,caipu/103005.jpg,1208
3314,1082,610011,,,白饭/大碗,0,1,10,,2016/8/620:29:00,,,,0,,,caipu/601005.jpg,1157
3929,508,609969,,,香辣腐乳炒虾,0,1,56,,2016/8/620:37:00,,,,0,,,caipu/101004.jpg,1238
5712,1278,609970,,,麻辣小龙虾,0,1,99,,2016/8/620:40:00,,,,0,,,caipu/101006.jpg,1158
4074,524,609995,,,党参黄芪炖牛尾,0,1,35,,2016/8/620:42:00,,,,0,,,caipu/201005.jpg,1381
3034,1054,610015,,,葱油凉拌藕片,0,1,30,,2016/8/620:46:00,,,,0,,,caipu/302004.jpg,1152
5722,677,609944,,,水煮鱼,0,1,65,,2016/8/620:48:00,,,,0,,,caipu/103005.jpg,1190
5655,1274,609970,,,麻辣小龙虾,0,1,99,,2016/8/620:50:00,,,,0,,,caipu/101006.jpg,1167
6127,1309,610064,,,花蛤蒸蛋,0,1,37,,2016/8/620:51:00,,,,0,,,caipu/104003.jpg,1443
4103,1148,609941,,,清蒸海鱼,0,1,78,,2016/8/621:13:00,,,,0,,,caipu/103002.jpg,1092
8194,905,609944,,,水煮鱼,0,1,65,,2016/8/621:16:00,,,,0,,,caipu/103005.jpg,1142
3620,1108,609932,,,爆炒猪肝,0,1,68,,2016/8/621:16:00,,,,0,,,caipu/203003.jpg,1140
5818,1288,610011,,,白饭/大碗,0,1,10,,2016/8/621:21:00,,,,0,,,caipu/601005.jpg,1207
2698,1029,609991,,,香烤牛排,0,1,55,,2016/8/621:23:00,,,,0,,,caipu/201001.jpg,1269
3174,439,609966,,,芝士烩波士顿龙虾,0,1,175,,2016/8/621:27:00,,,,0,,,caipu/101001.jpg,1187
6194,1314,609969,,,香辣腐乳炒虾,0,1,56,,2016/8/621:32:00,,,,0,,,caipu/101004.jpg,1130
4557,1184,609969,,,香辣腐乳炒虾,0,1,56,,2016/8/621:38:00,,,,0,,,caipu/101004.jpg,1120
5624,1267,610065,,,辣炒花蛤,0,1,35,,2016/8/621:39:00,,,,0,,,caipu/104004.jpg,1599
3781,1121,609962,,,倒立蒸梭子蟹,0,1,169,,2016/8/621:41:00,,,,0,,,caipu/102002.jpg,1547
4704,1193,609969,,,香辣腐乳炒虾,0,1,56,,2016/8/621:56:00,,,,0,,,caipu/101004.jpg,1548
5141,1227,609959,,,小炒羊腰,0,1,36,,2016/8/621:56:00,,,,0,,,caipu/202005.jpg,1549
5440,1250,609970,,,麻辣小龙虾,0,1,99,,2016/8/621:57:00,,,,0,,,caipu/101006.jpg,1550
6034,1302,609970,,,麻辣小龙虾,0,1,99,,2016/8/621:57:00,,,,0,,,caipu/101006.jpg,1551
6052,1303,610043,,,肉丁茄子,0,1,39,,2016/8/622:03:00,,,,0,,,caipu/305002.jpg,1123
2808,406,609940,,,清蒸蝶鱼,0,1,56,,2016/8/711:03:00,,,,0,,,caipu/103001.jpg,1209
1792,283,609961,,,姜葱炒花蟹,0,1,45,,2016/8/711:04:00,,,,0,,,caipu/102001.jpg,1519
6852,782,609934,,,芹菜炒腰花,0,1,18,,2016/8/711:10:00,,,,0,,,caipu/203005.jpg,1167
1108,201,609975,,,一品香酥藕,0,1,10,,2016/8/711:11:00,,,,0,,,caipu/502005.jpg,1478
7801,871,609989,,,青岛啤酒罐装,0,1,7,,2016/8/711:13:00,,,,0,,,caipu/403004.jpg,1562
3042,428,609944,,,水煮鱼,0,1,65,,2016/8/711:14:00,,,,0,,,caipu/103005.jpg,1349
2655,394,609966,,,芝士烩波士顿龙虾,0,1,175,,2016/8/711:16:00,,,,0,,,caipu/101001.jpg,1213
1534,239,609967,,,香酥两吃大虾,0,1,89,,2016/8/711:30:00,,,,0,,,caipu/101002.jpg,1087
7489,840,609932,,,爆炒猪肝,0,1,68,,2016/8/711:32:00,,,,0,,,caipu/203003.jpg,1144
7440,836,609931,,,焖猪手,0,1,58,,2016/8/711:47:00,,,,0,,,caipu/203002.jpg,1448
7162,812,609970,,,麻辣小龙虾,0,1,99,,2016/8/712:08:00,,,,0,,,caipu/101006.jpg,1122
7515,844,609970,,,麻辣小龙虾,0,1,99,,2016/8/712:16:00,,,,0,,,caipu/101006.jpg,1205
2287,351,609940,,,清蒸蝶鱼,0,1,56,,2016/8/712:23:00,,,,0,,,caipu/103001.jpg,1610
7032,797,609943,,,剁椒鱼头,0,1,55,,2016/8/712:49:00,,,,0,,,caipu/103004.jpg,1086
7644,854,610063,,,蒜香辣花甲,0,1,45,,2016/8/713:24:00,,,,0,,,caipu/104002.jpg,1140
7848,875,609966,,,芝士烩波士顿龙虾,0,1,175,,2016/8/713:32:00,,,,0,,,caipu/101001.jpg,1258
7919,881,609967,,,香酥两吃大虾,0,1,89,,2016/8/713:33:00,,,,0,,,caipu/101002.jpg,1176
7545,846,609966,,,芝士烩波士顿龙虾,0,1,175,,2016/8/713:35:00,,,,0,,,caipu/101001.jpg,1270
2694,396,610063,,,蒜香辣花甲,0,1,45,,2016/8/713:35:00,,,,0,,,caipu/104002.jpg,1533
7324,826,609966,,,芝士烩波士顿龙虾,0,1,175,,2016/8/714:02:00,,,,0,,,caipu/101001.jpg,1131
6561,755,609969,,,香辣腐乳炒虾,0,1,56,,2016/8/717:10:00,,,,0,,,caipu/101004.jpg,1105
6382,739,609977,,,快炒黄鳝,0,1,50,,2016/8/717:24:00,,,,0,,,caipu/106002.jpg,1185
3638,1053,609963,,,盘蟹蒸蛋,0,1,55,,2016/8/717:42:00,,,,0,,,caipu/102003.jpg,1121
8204,906,609956,,,孜然羊排,0,1,88,,2016/8/717:43:00,,,,0,,,caipu/202002.jpg,1572
5577,1264,609966,,,芝士烩波士顿龙虾,0,1,175,,2016/8/717:52:00,,,,0,,,caipu/101001.jpg,1482
4819,594,609970,,,麻辣小龙虾,0,1,99,,2016/8/717:54:00,,,,0,,,caipu/101006.jpg,1402
2425,1008,609966,,,芝士烩波士顿龙虾,0,1,175,,2016/8/717:55:00,,,,0,,,caipu/101001.jpg,1574
4821,1203,609967,,,香酥两吃大虾,0,1,89,,2016/8/718:00:00,,,,0,,,caipu/101002.jpg,1313
5790,642,610024,,,红酒土豆烧鸭腿,0,1,48,,2016/8/718:04:00,,,,0,,,caipu/204007.jpg,1322
3813,1123,609967,,,香酥两吃大虾,0,1,89,,2016/8/718:05:00,,,,0,,,caipu/101002.jpg,1122
4508,568,609970,,,麻辣小龙虾,0,1,99,,2016/8/718:21:00,,,,0,,,caipu/101006.jpg,1245
2956,1049,609968,,,油焖麻辣虾,0,1,65,,2016/8/718:29:00,,,,0,,,caipu/101003.jpg,1123
4804,1201,609960,,,白胡椒胡萝卜羊肉汤,0,1,35,,2016/8/718:29:00,,,,0,,,caipu/202006.jpg,1234
2667,1027,609993,,,百里香奶油烤红酒牛肉,0,1,178,,2016/8/718:35:00,,,,0,,,caipu/111.jpg,1382
4400,1323,610062,,,蒜蓉生蚝,0,1,49,,2016/8/718:36:00,,,,0,,,caipu/104001.jpg,1208
5596,1266,609942,,,辣炒鱿鱼,0,1,58,,2016/8/718:44:00,,,,0,,,caipu/103003.jpg,1444
2371,1003,609952,,,美妙绝伦之白莲花,0,1,29,,2016/8/718:59:00,,,,0,,,caipu/303003.jpg,1600
3373,454,610063,,,蒜香辣花甲,0,1,45,,2016/8/719:03:00,,,,0,,,caipu/104002.jpg,1473
3621,474,609966,,,芝士烩波士顿龙虾,0,1,175,,2016/8/719:04:00,,,,0,,,caipu/101001.jpg,1172
4962,607,609967,,,香酥两吃大虾,0,1,89,,2016/8/719:17:00,,,,0,,,caipu/101002.jpg,1165
4122,1319,609992,,,番茄炖牛腩,0,1,35,,2016/8/719:18:00,,,,0,,,caipu/201002.jpg,1527
5126,1224,609969,,,香辣腐乳炒虾,0,1,56,,2016/8/719:34:00,,,,0,,,caipu/101004.jpg,1106
3889,1129,609966,,,芝士烩波士顿龙虾,0,1,175,,2016/8/719:40:00,,,,0,,,caipu/101001.jpg,1168
5755,1282,609962,,,倒立蒸梭子蟹,0,1,169,,2016/8/719:44:00,,,,0,,,caipu/102002.jpg,1300
5570,1263,609967,,,香酥两吃大虾,0,1,89,,2016/8/719:59:00,,,,0,,,caipu/101002.jpg,1420
4391,1169,609943,,,剁椒鱼头,0,1,55,,2016/8/720:01:00,,,,0,,,caipu/103004.jpg,1146
4921,1211,609966,,,芝士烩波士顿龙虾,0,1,175,,2016/8/720:11:00,,,,0,,,caipu/101001.jpg,1607
3964,1138,609961,,,姜葱炒花蟹,0,1,45,,2016/8/720:16:00,,,,0,,,caipu/102001.jpg,1223
4285,1162,609940,,,清蒸蝶鱼,0,1,56,,2016/8/720:21:00,,,,0,,,caipu/103001.jpg,1447
3151,1069,609991,,,香烤牛排,0,1,55,,2016/8/720:22:00,,,,0,,,caipu/201001.jpg,1239
5870,1293,609970,,,麻辣小龙虾,0,1,99,,2016/8/720:39:00,,,,0,,,caipu/101006.jpg,1132
2488,1014,609968,,,油焖麻辣虾,0,1,65,,2016/8/720:39:00,,,,0,,,caipu/101003.jpg,1151
3597,1109,609966,,,芝士烩波士顿龙虾,0,1,175,,2016/8/720:40:00,,,,0,,,caipu/101001.jpg,1280
6081,711,609991,,,香烤牛排,0,1,55,,2016/8/720:42:00,,,,0,,,caipu/201001.jpg,1034
3994,1139,609963,,,盘蟹蒸蛋,0,1,55,,2016/8/720:46:00,,,,0,,,caipu/102003.jpg,1114
5610,1268,609968,,,油焖麻辣虾,0,1,65,,2016/8/720:55:00,,,,0,,,caipu/101003.jpg,1553
3502,1096,609961,,,姜葱炒花蟹,0,1,45,,2016/8/721:09:00,,,,0,,,caipu/102001.jpg,1464
4270,1159,609966,,,芝士烩波士顿龙虾,0,1,175,,2016/8/721:15:00,,,,0,,,caipu/101001.jpg,1153
8235,909,609993,,,百里香奶油烤红酒牛肉,0,1,178,,2016/8/721:25:00,,,,0,,,caipu/111.jpg,991
4073,1146,610064,,,花蛤蒸蛋,0,1,37,,2016/8/721:35:00,,,,0,,,caipu/104003.jpg,1191
4885,1208,609967,,,香酥两吃大虾,0,1,89,,2016/8/721:35:00,,,,0,,,caipu/101002.jpg,1182
4845,598,609967,,,香酥两吃大虾,0,1,89,,2016/8/721:36:00,,,,0,,,caipu/101002.jpg,1469
4572,1186,609967,,,香酥两吃大虾,0,1,89,,2016/8/721:54:00,,,,0,,,caipu/101002.jpg,1489
4269,546,609959,,,小炒羊腰,0,1,36,,2016/8/721:57:00,,,,0,,,caipu/202005.jpg,1275
2672,393,609935,,,山药养生粥,0,1,19,,2016/8/811:04:00,,,,0,,,caipu/602001.jpg,1210
1926,306,609969,,,香辣腐乳炒虾,0,1,56,,2016/8/811:33:00,,,,0,,,caipu/101004.jpg,1227
3084,430,609979,,,鲜美鳝鱼,0,1,55,,2016/8/812:27:00,,,,0,,,caipu/106004.jpg,1465
2825,407,609966,,,芝士烩波士顿龙虾,0,1,175,,2016/8/813:53:00,,,,0,,,caipu/101001.jpg,1595
1955,312,609960,,,白胡椒胡萝卜羊肉汤,0,1,35,,2016/8/813:58:00,,,,0,,,caipu/202006.jpg,1251
3670,481,609995,,,党参黄芪炖牛尾,0,1,35,,2016/8/818:08:00,,,,0,,,caipu/201005.jpg,1195
3560,469,609994,,,独家薄荷鲜虾牛肉卷,0,1,45,,2016/8/818:17:00,,,,0,,,caipu/201004.jpg,1111
3976,512,609968,,,油焖麻辣虾,0,1,65,,2016/8/819:14:00,,,,0,,,caipu/101003.jpg,1122
4531,571,609965,,,葱姜炒蟹,0,1,109,,2016/8/819:25:00,,,,0,,,caipu/102005.jpg,1170
4222,540,609940,,,清蒸蝶鱼,0,1,56,,2016/8/819:53:00,,,,0,,,caipu/103001.jpg,1127
5111,620,609942,,,辣炒鱿鱼,0,1,58,,2016/8/820:03:00,,,,0,,,caipu/103003.jpg,1091
3605,473,609970,,,麻辣小龙虾,0,1,99,,2016/8/820:04:00,,,,0,,,caipu/101006.jpg,1254
5211,628,609970,,,麻辣小龙虾,0,1,99,,2016/8/820:05:00,,,,0,,,caipu/101006.jpg,1602
5547,663,610040,,,海带结豆腐汤,0,1,30,,2016/8/820:21:00,,,,0,,,caipu/105004.jpg,1320
3887,504,609933,,,自制猪肉脯,0,1,48,,2016/8/821:03:00,,,,0,,,caipu/203004.jpg,1125
4021,516,609951,,,炝炒大白菜,0,1,29,,2016/8/821:48:00,,,,0,,,caipu/303002.jpg,1177
2844,408,609966,,,芝士烩波士顿龙虾,0,1,175,,2016/8/911:07:00,,,,0,,,caipu/101001.jpg,1608
2227,338,610048,,,拌土豆丝,0,1,25,,2016/8/911:18:00,,,,0,,,caipu/301002.jpg,982
1805,285,609931,,,焖猪手,0,1,58,,2016/8/912:20:00,,,,0,,,caipu/203002.jpg,1087
852,165,609966,,,芝士烩波士顿龙虾,0,2,175,,2016/8/912:47:00,,,,0,,,caipu/101001.jpg,1097
1465,242,609944,,,水煮鱼,0,1,65,,2016/8/913:26:00,,,,0,,,caipu/103005.jpg,991
6528,751,609967,,,香酥两吃大虾,0,1,89,,2016/8/917:38:00,,,,0,,,caipu/101002.jpg,1228
5274,635,609991,,,香烤牛排,0,1,55,,2016/8/918:00:00,,,,0,,,caipu/201001.jpg,1184
4164,534,609964,,,避风塘炒蟹,0,1,48,,2016/8/918:00:00,,,,0,,,caipu/102004.jpg,1132
6496,748,609969,,,香辣腐乳炒虾,0,1,56,,2016/8/918:40:00,,,,0,,,caipu/101004.jpg,1137
3614,478,609944,,,水煮鱼,0,1,65,,2016/8/920:05:00,,,,0,,,caipu/103005.jpg,1099
4197,537,610063,,,蒜香辣花甲,0,1,45,,2016/8/920:33:00,,,,0,,,caipu/104002.jpg,1378
5474,656,609941,,,清蒸海鱼,0,1,78,,2016/8/920:41:00,,,,0,,,caipu/103002.jpg,1502
2480,1011,609967,,,香酥两吃大虾,0,1,89,,2016/8/920:43:00,,,,0,,,caipu/101002.jpg,1255
5088,618,609966,,,芝士烩波士顿龙虾,0,1,175,,2016/8/920:57:00,,,,0,,,caipu/101001.jpg,1123
6717,772,610037,,,辣炒海带丝,0,1,19,,2016/8/921:16:00,,,,0,,,caipu/105001.jpg,1112
6590,759,609994,,,独家薄荷鲜虾牛肉卷,0,1,45,,2016/8/921:42:00,,,,0,,,caipu/201004.jpg,1159
2957,416,610019,,,白斩鸡,0,1,88,,2016/8/1011:12:00,,,,0,,,caipu/204002.jpg,1117
3001,422,610022,,,杭椒鸡珍,0,1,58,,2016/8/1011:19:00,,,,0,,,caipu/204005.jpg,1113
1988,314,609968,,,油焖麻辣虾,0,1,65,,2016/8/1011:58:00,,,,0,,,caipu/101003.jpg,1088
3057,427,609970,,,麻辣小龙虾,0,1,99,,2016/8/1012:11:00,,,,0,,,caipu/101006.jpg,1100
1848,294,610063,,,蒜香辣花甲,0,1,45,,2016/8/1012:57:00,,,,0,,,caipu/104002.jpg,990
2219,344,609970,,,麻辣小龙虾,0,1,99,,2016/8/1013:18:00,,,,0,,,caipu/101006.jpg,1343
3452,460,610021,,,爆炒鸡翅,0,1,56,,2016/8/1017:33:00,,,,0,,,caipu/204004.jpg,1224
4810,595,609966,,,芝士烩波士顿龙虾,0,1,175,,2016/8/1017:38:00,,,,0,,,caipu/101001.jpg,1214
5725,678,609944,,,水煮鱼,0,1,65,,2016/8/1017:42:00,,,,0,,,caipu/103005.jpg,1183
4367,555,609942,,,辣炒鱿鱼,0,1,58,,2016/8/1017:48:00,,,,0,,,caipu/103003.jpg,1439
5542,662,609969,,,香辣腐乳炒虾,0,1,56,,2016/8/1017:55:00,,,,0,,,caipu/101004.jpg,1314
3522,468,609966,,,芝士烩波士顿龙虾,0,1,175,,2016/8/1018:59:00,,,,0,,,caipu/101001.jpg,1136
3207,441,609967,,,香酥两吃大虾,0,1,89,,2016/8/1019:39:00,,,,0,,,caipu/101002.jpg,1534
6638,764,609967,,,香酥两吃大虾,0,1,89,,2016/8/1019:40:00,,,,0,,,caipu/101002.jpg,1466
6352,737,609931,,,焖猪手,0,1,58,,2016/8/1019:54:00,,,,0,,,caipu/203002.jpg,1197
5290,637,609994,,,独家薄荷鲜虾牛肉卷,0,1,45,,2016/8/1019:55:00,,,,0,,,caipu/201004.jpg,1207
4182,536,609970,,,麻辣小龙虾,0,1,99,,2016/8/1020:04:00,,,,0,,,caipu/101006.jpg,1142
6308,732,610012,,,香菇鹌鹑蛋,0,1,39,,2016/8/1020:15:00,,,,0,,,caipu/302001.jpg,1153
5074,616,609970,,,麻辣小龙虾,0,1,99,,2016/8/1020:37:00,,,,0,,,caipu/101006.jpg,1133
6088,716,609970,,,麻辣小龙虾,0,1,99,,2016/8/1020:41:00,,,,0,,,caipu/101006.jpg,1112
6734,774,609941,,,清蒸海鱼,0,1,78,,2016/8/1021:50:00,,,,0,,,caipu/103002.jpg,1138
2352,366,609967,,,香酥两吃大虾,0,1,89,,2016/8/1111:49:00,,,,0,,,caipu/101002.jpg,1159
2901,412,609969,,,香辣腐乳炒虾,0,1,56,,2016/8/1111:59:00,,,,0,,,caipu/101004.jpg,1169
2246,346,609970,,,麻辣小龙虾,0,1,99,,2016/8/1112:10:00,,,,0,,,caipu/101006.jpg,1520
2863,409,609943,,,剁椒鱼头,0,1,55,,2016/8/1112:55:00,,,,0,,,caipu/103004.jpg,1108
2382,369,609970,,,麻辣小龙虾,0,1,99,,2016/8/1112:56:00,,,,0,,,caipu/101006.jpg,1467
1869,298,609942,,,辣炒鱿鱼,0,1,58,,2016/8/1113:10:00,,,,0,,,caipu/103003.jpg,1098
2625,390,609970,,,麻辣小龙虾,0,1,99,,2016/8/1113:28:00,,,,0,,,caipu/101006.jpg,1507
3711,1115,609961,,,姜葱炒花蟹,0,1,45,,2016/8/1117:05:00,,,,0,,,caipu/102001.jpg,1603
4088,1147,609965,,,葱姜炒蟹,0,1,109,,2016/8/1117:05:00,,,,0,,,caipu/102005.jpg,1211
6225,726,609930,,,豌豆薯仔猪骨汤,0,1,39,,2016/8/1117:39:00,,,,0,,,caipu/203001.jpg,1145
4894,600,609943,,,剁椒鱼头,0,1,55,,2016/8/1118:04:00,,,,0,,,caipu/103004.jpg,1126
4734,587,609991,,,香烤牛排,0,1,55,,2016/8/1118:17:00,,,,0,,,caipu/201001.jpg,1095
3807,498,609938,,,小米南瓜粥,0,1,13,,2016/8/1120:04:00,,,,0,,,caipu/602004.jpg,1596
5752,680,609946,,,谷稻小庄,0,2,38,,2016/8/1120:45:00,,,,0,,,caipu/404002.jpg,1259
4773,591,609970,,,麻辣小龙虾,0,1,99,,2016/8/1121:21:00,,,,0,,,caipu/101006.jpg,1178
3913,1132,609967,,,香酥两吃大虾,0,1,89,,2016/8/1121:42:00,,,,0,,,caipu/101002.jpg,1219
2292,352,609992,,,番茄炖牛腩,0,1,35,,2016/8/1212:19:00,,,,0,,,caipu/201002.jpg,1319
2823,405,609958,,,香辣爆羊肝,0,1,28,,2016/8/1212:53:00,,,,0,,,caipu/202004.jpg,1155
2983,421,609940,,,清蒸蝶鱼,0,1,56,,2016/8/1213:22:00,,,,0,,,caipu/103001.jpg,1225
894,170,609955,,,红酒炖羊肉,0,1,108,,2016/8/1213:33:00,,,,0,,,caipu/202001.jpg,1539
2626,389,609968,,,油焖麻辣虾,0,1,65,,2016/8/1213:42:00,,,,0,,,caipu/101003.jpg,1523
4912,601,609960,,,白胡椒胡萝卜羊肉汤,0,1,35,,2016/8/1217:25:00,,,,0,,,caipu/202006.jpg,1010
5963,699,609970,,,麻辣小龙虾,0,1,99,,2016/8/1218:07:00,,,,0,,,caipu/101006.jpg,1146
5781,684,609967,,,香酥两吃大虾,0,1,89,,2016/8/1218:10:00,,,,0,,,caipu/101002.jpg,1094
3366,453,609970,,,麻辣小龙虾,0,1,99,,2016/8/1218:11:00,,,,0,,,caipu/101006.jpg,987
3653,479,609966,,,芝士烩波士顿龙虾,0,1,175,,2016/8/1218:51:00,,,,0,,,caipu/101001.jpg,1276
5147,623,609953,,,凉拌菠菜,0,1,27,,2016/8/1219:05:00,,,,0,,,caipu/303004.jpg,1108
3956,510,609961,,,姜葱炒花蟹,0,1,45,,2016/8/1219:09:00,,,,0,,,caipu/102001.jpg,1216
3596,472,610063,,,蒜香辣花甲,0,1,45,,2016/8/1219:28:00,,,,0,,,caipu/104002.jpg,1075
6640,765,609970,,,麻辣小龙虾,0,1,99,,2016/8/1219:33:00,,,,0,,,caipu/101006.jpg,1240
6005,704,609967,,,香酥两吃大虾,0,1,89,,2016/8/1219:52:00,,,,0,,,caipu/101002.jpg,1476
3164,438,610064,,,花蛤蒸蛋,0,1,37,,2016/8/1219:55:00,,,,0,,,caipu/104003.jpg,1260
4440,1176,609970,,,麻辣小龙虾,0,1,99,,2016/8/1220:16:00,,,,0,,,caipu/101006.jpg,1554
5796,686,609969,,,香辣腐乳炒虾,0,1,56,,2016/8/1220:22:00,,,,0,,,caipu/101004.jpg,1246
5225,630,609955,,,红酒炖羊肉,0,1,108,,2016/8/1220:27:00,,,,0,,,caipu/202001.jpg,1173
7504,842,610010,,,白饭/小碗,0,2,1,,2016/8/1311:05:00,,,,0,,,caipu/601004.jpg,1200
7243,817,609946,,,谷稻小庄,0,1,38,,2016/8/1311:06:00,,,,0,,,caipu/404002.jpg,1125
3156,424,609937,,,冰糖红豆薏米粥,0,1,15,,2016/8/1311:11:00,,,,0,,,caipu/602003.jpg,1548
7043,799,609962,,,倒立蒸梭子蟹,0,1,169,,2016/8/1311:15:00,,,,0,,,caipu/102002.jpg,1548
6905,786,609970,,,麻辣小龙虾,0,1,99,,2016/8/1311:18:00,,,,0,,,caipu/101006.jpg,1549
8069,897,609969,,,香辣腐乳炒虾,0,1,56,,2016/8/1311:22:00,,,,0,,,caipu/101004.jpg,1550
7974,887,609934,,,芹菜炒腰花,0,1,18,,2016/8/1311:25:00,,,,0,,,caipu/203005.jpg,1256
7099,805,609970,,,麻辣小龙虾,0,1,99,,2016/8/1311:31:00,,,,0,,,caipu/101006.jpg,1551
7588,849,609931,,,焖猪手,0,1,58,,2016/8/1311:38:00,,,,0,,,caipu/203002.jpg,1410
8130,901,609970,,,麻辣小龙虾,0,1,99,,2016/8/1311:43:00,,,,0,,,caipu/101006.jpg,1215
8111,899,610064,,,花蛤蒸蛋,0,1,37,,2016/8/1312:18:00,,,,0,,,caipu/104003.jpg,1141
7510,843,609942,,,辣炒鱿鱼,0,1,58,,2016/8/1312:26:00,,,,0,,,caipu/103003.jpg,1270
1737,275,609707,,,百里香奶油烤紅酒牛肉,0,1,178,,2016/8/1312:32:00,,,,0,,,caipu/201001.jpg,1318
7918,882,609962,,,倒立蒸梭子蟹,0,1,169,,2016/8/1312:39:00,,,,0,,,caipu/102002.jpg,1192
2918,414,609964,,,避风塘炒蟹,0,1,48,,2016/8/1312:56:00,,,,0,,,caipu/102004.jpg,1264
7706,861,609967,,,香酥两吃大虾,0,1,89,,2016/8/1312:59:00,,,,0,,,caipu/101002.jpg,1178
7957,886,609968,,,油焖麻辣虾,0,1,65,,2016/8/1313:04:00,,,,0,,,caipu/101003.jpg,1292
1936,308,609970,,,麻辣小龙虾,0,1,99,,2016/8/1313:05:00,,,,0,,,caipu/101006.jpg,1229
8093,898,609966,,,芝士烩波士顿龙虾,0,1,175,,2016/8/1313:13:00,,,,0,,,caipu/101001.jpg,1260
7223,818,609966,,,芝士烩波士顿龙虾,0,1,175,,2016/8/1313:25:00,,,,0,,,caipu/101001.jpg,1109
1473,243,609961,,,姜葱炒花蟹,0,1,45,,2016/8/1313:31:00,,,,0,,,caipu/102001.jpg,1344
2273,349,609940,,,清蒸蝶鱼,0,1,56,,2016/8/1313:32:00,,,,0,,,caipu/103001.jpg,1305
8009,891,609967,,,香酥两吃大虾,0,1,89,,2016/8/1313:40:00,,,,0,,,caipu/101002.jpg,1139
7311,825,609966,,,芝士烩波士顿龙虾,0,1,175,,2016/8/1313:44:00,,,,0,,,caipu/101001.jpg,1171
7620,853,609979,,,鲜美鳝鱼,0,1,55,,2016/8/1313:59:00,,,,0,,,caipu/106004.jpg,1147
4363,1167,609967,,,香酥两吃大虾,0,1,89,,2016/8/1317:05:00,,,,0,,,caipu/101002.jpg,1214
2887,1044,609994,,,独家薄荷鲜虾牛肉卷,0,1,45,,2016/8/1317:08:00,,,,0,,,caipu/201004.jpg,1247
3116,1065,610062,,,蒜蓉生蚝,0,1,49,,2016/8/1317:22:00,,,,0,,,caipu/104001.jpg,1196
3403,1090,609970,,,麻辣小龙虾,0,1,99,,2016/8/1317:24:00,,,,0,,,caipu/101006.jpg,1346
5768,1284,609967,,,香酥两吃大虾,0,1,89,,2016/8/1317:34:00,,,,0,,,caipu/101002.jpg,1113
3187,1074,609966,,,芝士烩波士顿龙虾,0,1,175,,2016/8/1317:48:00,,,,0,,,caipu/101001.jpg,1254
5634,1271,609969,,,香辣腐乳炒虾,0,1,56,,2016/8/1317:49:00,,,,0,,,caipu/101004.jpg,1188
3433,1091,609940,,,清蒸蝶鱼,0,2,56,,2016/8/1318:05:00,,,,0,,,caipu/103001.jpg,1155
5337,643,609977,,,快炒黄鳝,0,1,50,,2016/8/1318:06:00,,,,0,,,caipu/106002.jpg,1503
4755,1197,609944,,,水煮鱼,0,1,65,,2016/8/1318:07:00,,,,0,,,caipu/103005.jpg,1170
5372,1245,609967,,,香酥两吃大虾,0,1,89,,2016/8/1318:20:00,,,,0,,,caipu/101002.jpg,1122
3624,1110,609970,,,麻辣小龙虾,0,1,99,,2016/8/1318:21:00,,,,0,,,caipu/101006.jpg,1508
5610,667,610010,,,白饭/小碗,0,4,1,,2016/8/1318:22:00,,,,0,,,caipu/601004.jpg,1128
3936,1134,610064,,,花蛤蒸蛋,0,1,37,,2016/8/1318:38:00,,,,0,,,caipu/104003.jpg,1536
4619,1188,609966,,,芝士烩波士顿龙虾,0,1,175,,2016/8/1318:39:00,,,,0,,,caipu/101001.jpg,1088
4673,1191,609968,,,油焖麻辣虾,0,1,65,,2016/8/1318:47:00,,,,0,,,caipu/101003.jpg,1141
5447,654,609967,,,香酥两吃大虾,0,1,89,,2016/8/1319:11:00,,,,0,,,caipu/101002.jpg,1073
6113,1308,609966,,,芝士烩波士顿龙虾,0,1,175,,2016/8/1319:12:00,,,,0,,,caipu/101001.jpg,1277
6156,1311,609943,,,剁椒鱼头,0,1,55,,2016/8/1319:22:00,,,,0,,,caipu/103004.jpg,1166
3404,457,609963,,,盘蟹蒸蛋,0,1,55,,2016/8/1319:23:00,,,,0,,,caipu/102003.jpg,1125
4465,1178,609966,,,芝士烩波士顿龙虾,0,1,175,,2016/8/1319:33:00,,,,0,,,caipu/101001.jpg,1351
5868,693,609944,,,水煮鱼,0,1,65,,2016/8/1319:41:00,,,,0,,,caipu/103005.jpg,1015
5998,1301,609967,,,香酥两吃大虾,0,1,89,,2016/8/1320:01:00,,,,0,,,caipu/101002.jpg,1114
3910,1131,609964,,,避风塘炒蟹,0,1,48,,2016/8/1320:12:00,,,,0,,,caipu/102004.jpg,1019
3002,1013,609967,,,香酥两吃大虾,0,1,89,,2016/8/1320:23:00,,,,0,,,caipu/101002.jpg,1211
5413,1249,609966,,,芝士烩波士顿龙虾,0,1,175,,2016/8/1320:23:00,,,,0,,,caipu/101001.jpg,1477
6075,1305,609970,,,麻辣小龙虾,0,1,99,,2016/8/1320:27:00,,,,0,,,caipu/101006.jpg,1184
2423,1007,609966,,,芝士烩波士顿龙虾,0,1,175,,2016/8/1320:29:00,,,,0,,,caipu/101001.jpg,1241
6216,1315,609967,,,香酥两吃大虾,0,1,89,,2016/8/1320:32:00,,,,0,,,caipu/101002.jpg,1119
4836,1204,609969,,,香辣腐乳炒虾,0,1,56,,2016/8/1320:35:00,,,,0,,,caipu/101004.jpg,1235
3928,1133,609944,,,水煮鱼,0,1,65,,2016/8/1320:43:00,,,,0,,,caipu/103005.jpg,1093
3355,1085,609968,,,油焖麻辣虾,0,1,65,,2016/8/1320:57:00,,,,0,,,caipu/101003.jpg,1165
6689,768,609942,,,辣炒鱿鱼,0,1,58,,2016/8/1320:58:00,,,,0,,,caipu/103003.jpg,1515
4614,579,609966,,,芝士烩波士顿龙虾,0,1,175,,2016/8/1321:08:00,,,,0,,,caipu/101001.jpg,1312
5167,1229,610063,,,蒜香辣花甲,0,1,45,,2016/8/1321:12:00,,,,0,,,caipu/104002.jpg,1559
6137,1310,609966,,,芝士烩波士顿龙虾,0,1,175,,2016/8/1321:22:00,,,,0,,,caipu/101001.jpg,1165
6257,1318,609966,,,芝士烩波士顿龙虾,0,1,175,,2016/8/1321:39:00,,,,0,,,caipu/101001.jpg,1154
5355,1243,609963,,,盘蟹蒸蛋,0,1,55,,2016/8/1321:43:00,,,,0,,,caipu/102003.jpg,1217
3951,509,609931,,,焖猪手,0,1,58,,2016/8/1321:47:00,,,,0,,,caipu/203002.jpg,1174
3734,1075,609967,,,香酥两吃大虾,0,1,89,,2016/8/1321:55:00,,,,0,,,caipu/101002.jpg,1202
3958,1136,610048,,,拌土豆丝,0,1,25,,2016/8/1321:57:00,,,,0,,,caipu/301002.jpg,1096
7133,809,609965,,,葱姜炒蟹,0,1,109,,2016/8/1411:32:00,,,,0,,,caipu/102005.jpg,1103
1039,190,609967,,,香酥两吃大虾,0,1,89,,2016/8/1411:40:00,,,,0,,,caipu/101002.jpg,1480
1775,282,609967,,,香酥两吃大虾,0,1,89,,2016/8/1411:45:00,,,,0,,,caipu/101002.jpg,1521
7040,798,609970,,,麻辣小龙虾,0,1,99,,2016/8/1411:47:00,,,,0,,,caipu/101006.jpg,1218
7074,802,609967,,,香酥两吃大虾,0,1,89,,2016/8/1412:05:00,,,,0,,,caipu/101002.jpg,1528
6858,783,609941,,,清蒸海鱼,0,1,78,,2016/8/1412:05:00,,,,0,,,caipu/103002.jpg,1350
7125,808,609940,,,清蒸蝶鱼,0,1,56,,2016/8/1412:09:00,,,,0,,,caipu/103001.jpg,1133
7476,839,609970,,,麻辣小龙虾,0,1,99,,2016/8/1412:14:00,,,,0,,,caipu/101006.jpg,1140
2177,340,610047,,,西瓜胡萝卜沙拉,0,1,26,,2016/8/1412:30:00,,,,0,,,caipu/301001.jpg,1230
7559,847,609967,,,香酥两吃大虾,0,1,89,,2016/8/1412:32:00,,,,0,,,caipu/101002.jpg,1457
8048,893,609966,,,芝士烩波士顿龙虾,0,1,175,,2016/8/1412:35:00,,,,0,,,caipu/101001.jpg,1581
2494,379,609944,,,水煮鱼,0,1,65,,2016/8/1412:37:00,,,,0,,,caipu/103005.jpg,1189
6926,787,609991,,,香烤牛排,0,1,55,,2016/8/1413:49:00,,,,0,,,caipu/201001.jpg,1413
6096,718,609941,,,清蒸海鱼,0,1,78,,2016/8/1417:02:00,,,,0,,,caipu/103002.jpg,1221
3094,1062,609963,,,盘蟹蒸蛋,0,1,55,,2016/8/1417:07:00,,,,0,,,caipu/102003.jpg,1127
6187,723,609967,,,香酥两吃大虾,0,1,89,,2016/8/1417:07:00,,,,0,,,caipu/101002.jpg,1142
5522,1260,609944,,,水煮鱼,0,1,65,,2016/8/1417:08:00,,,,0,,,caipu/103005.jpg,1265
3453,1093,609966,,,芝士烩波士顿龙虾,0,1,175,,2016/8/1417:31:00,,,,0,,,caipu/101001.jpg,1471
3443,1092,609967,,,香酥两吃大虾,0,1,89,,2016/8/1417:44:00,,,,0,,,caipu/101002.jpg,1101
2541,1018,609966,,,芝士烩波士顿龙虾,0,1,175,,2016/8/1417:45:00,,,,0,,,caipu/101001.jpg,1152
3023,1052,609943,,,剁椒鱼头,0,1,55,,2016/8/1417:59:00,,,,0,,,caipu/103004.jpg,1125
5797,1286,609941,,,清蒸海鱼,0,1,78,,2016/8/1418:04:00,,,,0,,,caipu/103002.jpg,1235
5332,1242,609963,,,盘蟹蒸蛋,0,1,55,,2016/8/1418:06:00,,,,0,,,caipu/102003.jpg,1353
4062,1322,609964,,,避风塘炒蟹,0,1,48,,2016/8/1418:15:00,,,,0,,,caipu/102004.jpg,1323
3511,1100,609968,,,油焖麻辣虾,0,1,65,,2016/8/1418:17:00,,,,0,,,caipu/101003.jpg,1167
3529,1101,609994,,,独家薄荷鲜虾牛肉卷,0,1,45,,2016/8/1418:24:00,,,,0,,,caipu/201004.jpg,1214
4505,1180,609966,,,芝士烩波士顿龙虾,0,1,175,,2016/8/1418:33:00,,,,0,,,caipu/101001.jpg,1461
4570,1185,609966,,,芝士烩波士顿龙虾,0,1,175,,2016/8/1418:34:00,,,,0,,,caipu/101001.jpg,1172
4812,1202,610063,,,蒜香辣花甲,0,1,45,,2016/8/1418:37:00,,,,0,,,caipu/104002.jpg,1122
4245,543,609957,,,蒙古烤羊腿,0,1,48,,2016/8/1418:51:00,,,,0,,,caipu/202003.jpg,1160
3362,1086,609966,,,芝士烩波士顿龙虾,0,1,175,,2016/8/1419:15:00,,,,0,,,caipu/101001.jpg,1512
5834,1289,609966,,,芝士烩波士顿龙虾,0,1,175,,2016/8/1419:15:00,,,,0,,,caipu/101001.jpg,1261
6205,1272,609963,,,盘蟹蒸蛋,0,1,55,,2016/8/1419:30:00,,,,0,,,caipu/102003.jpg,1155
6568,756,609963,,,盘蟹蒸蛋,0,1,55,,2016/8/1419:33:00,,,,0,,,caipu/102003.jpg,1147
3662,1112,609994,,,独家薄荷鲜虾牛肉卷,0,1,45,,2016/8/1419:34:00,,,,0,,,caipu/201004.jpg,1497
3248,1079,609966,,,芝士烩波士顿龙虾,0,1,175,,2016/8/1419:40:00,,,,0,,,caipu/101001.jpg,1333
5724,1280,609967,,,香酥两吃大虾,0,1,89,,2016/8/1419:41:00,,,,0,,,caipu/101002.jpg,1293
5207,1232,609970,,,麻辣小龙虾,0,1,99,,2016/8/1419:42:00,,,,0,,,caipu/101006.jpg,1185
3068,1059,610050,,,番茄甘蓝,0,1,33,,2016/8/1419:43:00,,,,0,,,caipu/301004.jpg,1423
5898,1295,609968,,,油焖麻辣虾,0,1,65,,2016/8/1419:49:00,,,,0,,,caipu/101003.jpg,1130
2746,1033,609930,,,豌豆薯仔猪骨汤,0,1,39,,2016/8/1419:49:00,,,,0,,,caipu/203001.jpg,1084
5228,1234,609966,,,芝士烩波士顿龙虾,0,1,175,,2016/8/1419:54:00,,,,0,,,caipu/101001.jpg,1359
5716,1279,609941,,,清蒸海鱼,0,1,78,,2016/8/1420:09:00,,,,0,,,caipu/103002.jpg,1248
2940,1048,609970,,,麻辣小龙虾,0,1,99,,2016/8/1420:12:00,,,,0,,,caipu/101006.jpg,1124
3454,1094,609933,,,自制猪肉脯,0,1,48,,2016/8/1420:15:00,,,,0,,,caipu/203004.jpg,1088
4544,567,609960,,,白胡椒胡萝卜羊肉汤,0,1,35,,2016/8/1420:15:00,,,,0,,,caipu/202006.jpg,1406
5694,1276,609962,,,倒立蒸梭子蟹,0,1,169,,2016/8/1420:21:00,,,,0,,,caipu/102002.jpg,1516
4059,522,609970,,,麻辣小龙虾,0,1,99,,2016/8/1420:36:00,,,,0,,,caipu/101006.jpg,1379
5941,1296,610063,,,蒜香辣花甲,0,1,45,,2016/8/1420:36:00,,,,0,,,caipu/104002.jpg,1122
5499,1257,609966,,,芝士烩波士顿龙虾,0,1,175,,2016/8/1420:51:00,,,,0,,,caipu/101001.jpg,1566
8182,904,610063,,,蒜香辣花甲,0,1,45,,2016/8/1420:55:00,,,,0,,,caipu/104002.jpg,1420
4520,1181,609942,,,辣炒鱿鱼,0,1,58,,2016/8/1420:56:00,,,,0,,,caipu/103003.jpg,1604
3509,1098,609942,,,辣炒鱿鱼,0,1,58,,2016/8/1421:04:00,,,,0,,,caipu/103003.jpg,1560
4159,1151,609940,,,清蒸蝶鱼,0,1,56,,2016/8/1421:05:00,,,,0,,,caipu/103001.jpg,1363
3059,1057,609967,,,香酥两吃大虾,0,1,89,,2016/8/1421:06:00,,,,0,,,caipu/101002.jpg,1551
3183,1073,610037,,,辣炒海带丝,0,1,19,,2016/8/1421:14:00,,,,0,,,caipu/105001.jpg,1415
6449,745,609966,,,芝士烩波士顿龙虾,0,1,175,,2016/8/1421:18:00,,,,0,,,caipu/101001.jpg,1549
4382,1168,609957,,,蒙古烤羊腿,0,1,48,,2016/8/1421:31:00,,,,0,,,caipu/202003.jpg,1548
2834,1035,609967,,,香酥两吃大虾,0,1,89,,2016/8/1421:35:00,,,,0,,,caipu/101002.jpg,1549
5979,701,610064,,,花蛤蒸蛋,0,1,37,,2016/8/1421:37:00,,,,0,,,caipu/104003.jpg,1550
3174,1071,610034,,,法国波尔多AOC干红葡萄酒原,0,2,159,,2016/8/1421:41:00,,,,0,,,caipu/402003.jpg,1165
4047,1143,609991,,,香烤牛排,0,1,55,,2016/8/1421:57:00,,,,0,,,caipu/201001.jpg,1158
831,162,609966,,,芝士烩波士顿龙虾,0,1,175,,2016/8/1511:17:00,,,,0,,,caipu/101001.jpg,1538
1742,277,609940,,,清蒸蝶鱼,0,1,56,,2016/8/1511:31:00,,,,0,,,caipu/103001.jpg,1231
917,173,609970,,,麻辣小龙虾,0,1,99,,2016/8/1512:12:00,,,,0,,,caipu/101006.jpg,1486
1761,280,609970,,,麻辣小龙虾,0,1,99,,2016/8/1512:27:00,,,,0,,,caipu/101006.jpg,1522
1709,272,610047,,,西瓜胡萝卜沙拉,0,1,26,,2016/8/1512:59:00,,,,0,,,caipu/301001.jpg,1007
6069,715,610023,,,啤酒鸭,0,1,48,,2016/8/1517:04:00,,,,0,,,caipu/204006.jpg,1334
4320,550,609943,,,剁椒鱼头,0,1,55,,2016/8/1517:46:00,,,,0,,,caipu/103004.jpg,1118
4250,544,609941,,,清蒸海鱼,0,1,78,,2016/8/1517:55:00,,,,0,,,caipu/103002.jpg,1084
6555,754,609994,,,独家薄荷鲜虾牛肉卷,0,1,45,,2016/8/1517:56:00,,,,0,,,caipu/201004.jpg,1149
5381,648,609944,,,水煮鱼,0,1,65,,2016/8/1518:36:00,,,,0,,,caipu/103005.jpg,1097
5946,698,609970,,,麻辣小龙虾,0,1,99,,2016/8/1518:58:00,,,,0,,,caipu/101006.jpg,1126
5166,625,609967,,,香酥两吃大虾,0,1,89,,2016/8/1519:16:00,,,,0,,,caipu/101002.jpg,1085
3799,497,609933,,,自制猪肉脯,0,1,48,,2016/8/1519:43:00,,,,0,,,caipu/203004.jpg,1222
5363,646,610066,,,辣炒田螺,0,1,35,,2016/8/1520:38:00,,,,0,,,caipu/104005.jpg,1582
5348,644,609970,,,麻辣小龙虾,0,1,99,,2016/8/1520:39:00,,,,0,,,caipu/101006.jpg,1161
5551,664,609970,,,麻辣小龙虾,0,1,99,,2016/8/1520:48:00,,,,0,,,caipu/101006.jpg,1311
6428,743,609966,,,芝士烩波士顿龙虾,0,1,175,,2016/8/1521:09:00,,,,0,,,caipu/101001.jpg,1090
6645,766,609970,,,麻辣小龙虾,0,1,99,,2016/8/1521:36:00,,,,0,,,caipu/101006.jpg,1156
5820,689,609961,,,姜葱炒花蟹,0,1,45,,2016/8/1521:51:00,,,,0,,,caipu/102001.jpg,1090
3434,459,609961,,,姜葱炒花蟹,0,2,45,,2016/8/1521:54:00,,,,0,,,caipu/102001.jpg,1202
2297,353,609940,,,清蒸蝶鱼,0,1,56,,2016/8/1613:06:00,,,,0,,,caipu/103001.jpg,984
907,172,609968,,,油焖麻辣虾,0,1,65,,2016/8/1613:56:00,,,,0,,,caipu/101003.jpg,1590
6237,728,609966,,,芝士烩波士顿龙虾,0,1,175,,2016/8/1617:14:00,,,,0,,,caipu/101001.jpg,1562
4331,553,609953,,,凉拌菠菜,0,1,27,,2016/8/1617:20:00,,,,0,,,caipu/303004.jpg,1088
4236,542,609995,,,党参黄芪炖牛尾,0,1,35,,2016/8/1617:32:00,,,,0,,,caipu/201005.jpg,1154
4175,535,610063,,,蒜香辣花甲,0,1,45,,2016/8/1618:24:00,,,,0,,,caipu/104002.jpg,1179
6444,744,609968,,,油焖麻辣虾,0,1,65,,2016/8/1618:50:00,,,,0,,,caipu/101003.jpg,1403
6367,738,609982,,,五香酱驴肉,0,1,52,,2016/8/1620:05:00,,,,0,,,caipu/205002.jpg,1133
6577,758,609961,,,姜葱炒花蟹,0,1,45,,2016/8/1621:04:00,,,,0,,,caipu/102001.jpg,1223
6701,770,609963,,,盘蟹蒸蛋,0,1,55,,2016/8/1621:14:00,,,,0,,,caipu/102003.jpg,1094
6235,727,610049,,,爆炒双丝,0,1,35,,2016/8/1621:17:00,,,,0,,,caipu/301003.jpg,1198
1105,196,609961,,,姜葱炒花蟹,0,1,45,,2016/8/1711:33:00,,,,0,,,caipu/102001.jpg,1545
1075,195,610041,,,凉拌海带豆芽紫菜,0,1,35,,2016/8/1711:47:00,,,,0,,,caipu/105005.jpg,1252
2712,397,609969,,,香辣腐乳炒虾,0,1,56,,2016/8/1712:41:00,,,,0,,,caipu/101004.jpg,1347
1918,304,610025,,,番茄蛋汤,0,1,25,,2016/8/1713:16:00,,,,0,,,caipu/204008.jpg,1468
2753,401,609968,,,油焖麻辣虾,0,1,65,,2016/8/1713:31:00,,,,0,,,caipu/101003.jpg,1456
2801,404,609970,,,麻辣小龙虾,0,1,99,,2016/8/1713:58:00,,,,0,,,caipu/101006.jpg,1169
6013,707,609968,,,油焖麻辣虾,0,1,65,,2016/8/1718:10:00,,,,0,,,caipu/101003.jpg,1107
6253,729,609961,,,姜葱炒花蟹,0,1,45,,2016/8/1718:16:00,,,,0,,,caipu/102001.jpg,1372
3777,494,610064,,,花蛤蒸蛋,0,1,37,,2016/8/1718:18:00,,,,0,,,caipu/104003.jpg,1310
3989,513,609933,,,自制猪肉脯,0,1,48,,2016/8/1718:35:00,,,,0,,,caipu/203004.jpg,1166
4046,520,609931,,,焖猪手,0,1,58,,2016/8/1718:42:00,,,,0,,,caipu/203002.jpg,1099
3674,482,609967,,,香酥两吃大虾,0,1,89,,2016/8/1718:55:00,,,,0,,,caipu/101002.jpg,1120
4099,528,610062,,,蒜蓉生蚝,0,1,49,,2016/8/1719:14:00,,,,0,,,caipu/104001.jpg,1033
4836,597,609970,,,麻辣小龙虾,0,1,99,,2016/8/1719:32:00,,,,0,,,caipu/101006.jpg,1545
6194,724,609970,,,麻辣小龙虾,0,1,99,,2016/8/1719:53:00,,,,0,,,caipu/101006.jpg,1130
3776,495,609967,,,香酥两吃大虾,0,1,89,,2016/8/1720:15:00,,,,0,,,caipu/101002.jpg,1149
5252,632,610013,,,番茄炖秋葵,0,1,35,,2016/8/1720:26:00,,,,0,,,caipu/302002.jpg,1440
5443,653,609967,,,香酥两吃大虾,0,1,89,,2016/8/1721:28:00,,,,0,,,caipu/101002.jpg,1171
6596,760,609968,,,油焖麻辣虾,0,1,65,,2016/8/1721:55:00,,,,0,,,caipu/101003.jpg,1306
969,182,610037,,,辣炒海带丝,0,1,19,,2016/8/1811:30:00,,,,0,,,caipu/105001.jpg,994
3024,426,609968,,,油焖麻辣虾,0,1,65,,2016/8/1813:00:00,,,,0,,,caipu/101003.jpg,1067
1625,258,609967,,,香酥两吃大虾,0,1,89,,2016/8/1813:20:00,,,,0,,,caipu/101002.jpg,1282
5885,685,609970,,,麻辣小龙虾,0,1,99,,2016/8/1817:18:00,,,,0,,,caipu/101006.jpg,1117
5354,645,609964,,,避风塘炒蟹,0,1,48,,2016/8/1817:25:00,,,,0,,,caipu/102004.jpg,1479
3919,506,609962,,,倒立蒸梭子蟹,0,1,169,,2016/8/1817:26:00,,,,0,,,caipu/102002.jpg,1134
3219,442,610050,,,番茄甘蓝,0,1,33,,2016/8/1818:05:00,,,,0,,,caipu/301004.jpg,1563
6054,713,609964,,,避风塘炒蟹,0,1,48,,2016/8/1818:51:00,,,,0,,,caipu/102004.jpg,1162
6344,736,609955,,,红酒炖羊肉,0,1,108,,2016/8/1818:51:00,,,,0,,,caipu/202001.jpg,1154
4080,525,609944,,,水煮鱼,0,1,65,,2016/8/1819:35:00,,,,0,,,caipu/103005.jpg,1160
5259,633,610051,,,凉拌萝卜丝,0,1,20,,2016/8/1819:40:00,,,,0,,,caipu/301005.jpg,1111
4000,514,609932,,,爆炒猪肝,0,1,68,,2016/8/1819:49:00,,,,0,,,caipu/203003.jpg,1167
4211,538,610055,,,葡萄奶酥(超酥香的饼干),0,1,9,,2016/8/1819:57:00,,,,0,,,caipu/501004.jpg,1309
6198,725,609940,,,清蒸蝶鱼,0,1,56,,2016/8/1819:57:00,,,,0,,,caipu/103001.jpg,1236
5317,640,610041,,,凉拌海带豆芽紫菜,0,1,35,,2016/8/1820:12:00,,,,0,,,caipu/105005.jpg,1291
3698,485,609967,,,香酥两吃大虾,0,1,89,,2016/8/1820:19:00,,,,0,,,caipu/101002.jpg,1266
4662,581,609951,,,炝炒大白菜,0,2,29,,2016/8/1820:42:00,,,,0,,,caipu/303002.jpg,1262
3255,445,609966,,,芝士烩波士顿龙虾,0,1,175,,2016/8/1820:49:00,,,,0,,,caipu/101001.jpg,1102
6024,708,609961,,,姜葱炒花蟹,0,1,45,,2016/8/1821:10:00,,,,0,,,caipu/102001.jpg,1173
4818,596,609965,,,葱姜炒蟹,0,1,109,,2016/8/1821:29:00,,,,0,,,caipu/102005.jpg,1217
4444,564,609970,,,麻辣小龙虾,0,1,99,,2016/8/1821:52:00,,,,0,,,caipu/101006.jpg,1302
7119,807,609964,,,避风塘炒蟹,0,1,48,,2016/8/1912:37:00,,,,0,,,caipu/102004.jpg,1575
2498,380,609970,,,麻辣小龙虾,0,1,99,,2016/8/1913:25:00,,,,0,,,caipu/101006.jpg,1587
3189,440,609943,,,剁椒鱼头,0,1,55,,2016/8/1917:05:00,,,,0,,,caipu/103004.jpg,1462
4911,602,609937,,,冰糖红豆薏米粥,0,1,15,,2016/8/1917:19:00,,,,0,,,caipu/602003.jpg,1385
4877,583,609969,,,香辣腐乳炒虾,0,1,56,,2016/8/1918:00:00,,,,0,,,caipu/101004.jpg,1290
2852,1020,610008,,,五色糯米饭(七色),0,1,35,,2016/8/1918:33:00,,,,0,,,caipu/601002.jpg,1151
3659,480,609967,,,香酥两吃大虾,0,1,89,,2016/8/1918:47:00,,,,0,,,caipu/101002.jpg,1071
5158,624,610063,,,蒜香辣花甲,0,1,45,,2016/8/1918:49:00,,,,0,,,caipu/104002.jpg,1098
6714,769,609970,,,麻辣小龙虾,0,1,99,,2016/8/1919:49:00,,,,0,,,caipu/101006.jpg,1102
4943,605,609962,,,倒立蒸梭子蟹,0,1,169,,2016/8/1920:01:00,,,,0,,,caipu/102002.jpg,1472
3745,490,609966,,,芝士烩波士顿龙虾,0,1,175,,2016/8/1920:03:00,,,,0,,,caipu/101001.jpg,1338
4702,586,609978,,,爆炒鳝碌,0,1,55,,2016/8/1920:29:00,,,,0,,,caipu/106003.jpg,1103
4086,526,609967,,,香酥两吃大虾,0,1,89,,2016/8/1920:45:00,,,,0,,,caipu/101002.jpg,1203
4408,560,609969,,,香辣腐乳炒虾,0,1,56,,2016/8/1920:55:00,,,,0,,,caipu/101004.jpg,1194
2882,1043,609944,,,水煮鱼,0,1,65,,2016/8/1921:04:00,,,,0,,,caipu/103005.jpg,1550
5031,612,609968,,,油焖麻辣虾,0,1,65,,2016/8/1921:11:00,,,,0,,,caipu/101003.jpg,1548
5133,621,610011,,,白饭/大碗,0,2,10,,2016/8/1921:16:00,,,,0,,,caipu/601005.jpg,1549
6462,746,609967,,,香酥两吃大虾,0,1,89,,2016/8/1921:29:00,,,,0,,,caipu/101002.jpg,1550
3865,503,609970,,,麻辣小龙虾,0,1,99,,2016/8/1921:46:00,,,,0,,,caipu/101006.jpg,1551
6057,714,609970,,,麻辣小龙虾,0,1,99,,2016/8/1921:53:00,,,,0,,,caipu/101006.jpg,1342
2974,420,609943,,,剁椒鱼头,0,1,55,,2016/8/2011:03:00,,,,0,,,caipu/103004.jpg,1509
7605,851,609967,,,香酥两吃大虾,0,1,89,,2016/8/2011:15:00,,,,0,,,caipu/101002.jpg,986
7018,795,609966,,,芝士烩波士顿龙虾,0,1,175,,2016/8/2011:16:00,,,,0,,,caipu/101001.jpg,1091
7380,832,609970,,,麻辣小龙虾,0,1,99,,2016/8/2011:23:00,,,,0,,,caipu/101006.jpg,1176
8112,900,609967,,,香酥两吃大虾,0,1,89,,2016/8/2011:27:00,,,,0,,,caipu/101002.jpg,1215
7172,813,609941,,,清蒸海鱼,0,1,78,,2016/8/2011:34:00,,,,0,,,caipu/103002.jpg,1431
7678,857,610067,,,冰镇花螺,0,1,35,,2016/8/2011:45:00,,,,0,,,caipu/104006.jpg,1517
8068,896,609966,,,芝士烩波士顿龙虾,0,1,175,,2016/8/2011:52:00,,,,0,,,caipu/101001.jpg,1289
7693,860,609970,,,麻辣小龙虾,0,1,99,,2016/8/2012:06:00,,,,0,,,caipu/101006.jpg,1118
1837,290,610053,,,蛋挞,0,1,8,,2016/8/2012:08:00,,,,0,,,caipu/501002.jpg,982
7081,803,609966,,,芝士烩波士顿龙虾,0,1,175,,2016/8/2012:12:00,,,,0,,,caipu/101001.jpg,1307
8060,895,609967,,,香酥两吃大虾,0,1,89,,2016/8/2012:14:00,,,,0,,,caipu/101002.jpg,984
6982,793,609931,,,焖猪手,0,1,58,,2016/8/2012:15:00,,,,0,,,caipu/203002.jpg,1086
7789,869,609943,,,剁椒鱼头,0,1,55,,2016/8/2012:18:00,,,,0,,,caipu/103004.jpg,1576
7863,876,609947,,,北冰洋汽水,0,1,5,,2016/8/2012:18:00,,,,0,,,caipu/404003.jpg,1271
7531,845,609964,,,避风塘炒蟹,0,1,48,,2016/8/2012:22:00,,,,0,,,caipu/102004.jpg,1524
7683,859,609952,,,美妙绝伦之白莲花,0,2,29,,2016/8/2012:23:00,,,,0,,,caipu/303003.jpg,1394
6932,788,609967,,,香酥两吃大虾,0,1,89,,2016/8/2012:32:00,,,,0,,,caipu/101002.jpg,1407
7157,811,609991,,,香烤牛排,0,1,55,,2016/8/2012:35:00,,,,0,,,caipu/201001.jpg,1555
7614,852,609967,,,香酥两吃大虾,0,1,89,,2016/8/2012:35:00,,,,0,,,caipu/101002.jpg,1391
7828,873,609967,,,香酥两吃大虾,0,1,89,,2016/8/2012:35:00,,,,0,,,caipu/101002.jpg,1483
1246,216,609967,,,香酥两吃大虾,0,1,89,,2016/8/2012:37:00,,,,0,,,caipu/101002.jpg,996
7338,828,609943,,,剁椒鱼头,0,1,55,,2016/8/2012:53:00,,,,0,,,caipu/103004.jpg,1294
7147,810,610065,,,辣炒花蛤,0,1,35,,2016/8/2013:22:00,,,,0,,,caipu/104004.jpg,1335
7092,804,610015,,,葱油凉拌藕片,0,1,30,,2016/8/2013:25:00,,,,0,,,caipu/302004.jpg,1154
7710,862,609957,,,蒙古烤羊腿,0,1,48,,2016/8/2013:39:00,,,,0,,,caipu/202003.jpg,1010
1817,287,609992,,,番茄炖牛腩,0,1,35,,2016/8/2013:41:00,,,,0,,,caipu/201002.jpg,1179
7393,833,609967,,,香酥两吃大虾,0,1,89,,2016/8/2013:50:00,,,,0,,,caipu/101002.jpg,1429
5322,1241,609970,,,麻辣小龙虾,0,1,99,,2016/8/2017:04:00,,,,0,,,caipu/101006.jpg,1021
3555,1056,609967,,,香酥两吃大虾,0,1,89,,2016/8/2017:10:00,,,,0,,,caipu/101002.jpg,1298
5629,1270,609966,,,芝士烩波士顿龙虾,0,1,175,,2016/8/2017:15:00,,,,0,,,caipu/101001.jpg,1153
5484,1255,609969,,,香辣腐乳炒虾,0,1,56,,2016/8/2017:17:00,,,,0,,,caipu/101004.jpg,1417
3145,1321,609966,,,芝士烩波士顿龙虾,0,1,175,,2016/8/2017:25:00,,,,0,,,caipu/101001.jpg,1078
2507,1015,609931,,,焖猪手,0,1,58,,2016/8/2017:40:00,,,,0,,,caipu/203002.jpg,1237
3724,487,609965,,,葱姜炒蟹,0,1,109,,2016/8/2017:51:00,,,,0,,,caipu/102005.jpg,987
5244,1235,609969,,,香辣腐乳炒虾,0,1,56,,2016/8/2017:59:00,,,,0,,,caipu/101004.jpg,1083
4771,1198,609970,,,麻辣小龙虾,0,1,99,,2016/8/2018:06:00,,,,0,,,caipu/101006.jpg,1121
5221,629,609931,,,焖猪手,0,1,58,,2016/8/2018:10:00,,,,0,,,caipu/203002.jpg,1267
5360,1244,609970,,,麻辣小龙虾,0,1,99,,2016/8/2018:14:00,,,,0,,,caipu/101006.jpg,1433
3578,1102,609968,,,油焖麻辣虾,0,1,65,,2016/8/2018:15:00,,,,0,,,caipu/101003.jpg,1199
3176,1072,609970,,,麻辣小龙虾,0,1,99,,2016/8/2018:17:00,,,,0,,,caipu/101006.jpg,1301
6704,771,609941,,,清蒸海鱼,0,1,78,,2016/8/2018:28:00,,,,0,,,caipu/103002.jpg,1195
4281,1161,609942,,,辣炒鱿鱼,0,1,58,,2016/8/2018:29:00,,,,0,,,caipu/103003.jpg,1157
3756,1119,609967,,,香酥两吃大虾,0,1,89,,2016/8/2018:37:00,,,,0,,,caipu/101002.jpg,1216
6146,720,609930,,,豌豆薯仔猪骨汤,0,1,39,,2016/8/2018:40:00,,,,0,,,caipu/203001.jpg,1325
5064,1324,610012,,,香菇鹌鹑蛋,0,1,39,,2016/8/2018:52:00,,,,0,,,caipu/302001.jpg,1380
3520,1099,609942,,,辣炒鱿鱼,0,1,58,,2016/8/2018:56:00,,,,0,,,caipu/103003.jpg,1218
8162,903,610048,,,拌土豆丝,0,1,25,,2016/8/2019:00:00,,,,0,,,caipu/301002.jpg,1014
5892,1294,609968,,,油焖麻辣虾,0,1,65,,2016/8/2019:02:00,,,,0,,,caipu/101003.jpg,1127
3128,436,609964,,,避风塘炒蟹,0,1,48,,2016/8/2019:03:00,,,,0,,,caipu/102004.jpg,989
5290,1238,609968,,,油焖麻辣虾,0,1,65,,2016/8/2019:09:00,,,,0,,,caipu/101003.jpg,1205
5005,1217,609970,,,麻辣小龙虾,0,1,99,,2016/8/2019:11:00,,,,0,,,caipu/101006.jpg,1015
5193,1231,610012,,,香菇鹌鹑蛋,0,1,39,,2016/8/2019:12:00,,,,0,,,caipu/302001.jpg,1257
5299,1239,609966,,,芝士烩波士顿龙虾,0,1,175,,2016/8/2019:16:00,,,,0,,,caipu/101001.jpg,1124
4024,1141,610013,,,番茄炖秋葵,0,1,35,,2016/8/2019:36:00,,,,0,,,caipu/302002.jpg,1567
5587,1265,609941,,,清蒸海鱼,0,1,78,,2016/8/2019:37:00,,,,0,,,caipu/103002.jpg,1475
4117,530,609970,,,麻辣小龙虾,0,1,99,,2016/8/2019:44:00,,,,0,,,caipu/101006.jpg,1316
3962,1137,609967,,,香酥两吃大虾,0,1,89,,2016/8/2019:49:00,,,,0,,,caipu/101002.jpg,1535
3293,1081,609966,,,芝士烩波士顿龙虾,0,1,175,,2016/8/2019:52:00,,,,0,,,caipu/101001.jpg,1401
3224,1077,609966,,,芝士烩波士顿龙虾,0,1,175,,2016/8/2020:12:00,,,,0,,,caipu/101001.jpg,1126
4738,1195,609967,,,香酥两吃大虾,0,1,89,,2016/8/2020:18:00,,,,0,,,caipu/101002.jpg,1588
3463,463,609967,,,香酥两吃大虾,0,1,89,,2016/8/2020:23:00,,,,0,,,caipu/101002.jpg,1355
5546,1261,609967,,,香酥两吃大虾,0,1,89,,2016/8/2020:23:00,,,,0,,,caipu/101002.jpg,1363
2496,1016,609942,,,辣炒鱿鱼,0,1,58,,2016/8/2020:31:00,,,,0,,,caipu/103003.jpg,1578
4910,1210,609970,,,麻辣小龙虾,0,1,99,,2016/8/2020:34:00,,,,0,,,caipu/101006.jpg,1161
4439,1175,609966,,,芝士烩波士顿龙虾,0,1,175,,2016/8/2020:37:00,,,,0,,,caipu/101001.jpg,1541
6087,1306,609961,,,姜葱炒花蟹,0,1,45,,2016/8/2020:40:00,,,,0,,,caipu/102001.jpg,1120
3590,1106,609962,,,倒立蒸梭子蟹,0,1,169,,2016/8/2020:42:00,,,,0,,,caipu/102002.jpg,1190
4174,1152,609941,,,清蒸海鱼,0,1,78,,2016/8/2020:45:00,,,,0,,,caipu/103002.jpg,1422
4546,1183,609966,,,芝士烩波士顿龙虾,0,1,175,,2016/8/2020:49:00,,,,0,,,caipu/101001.jpg,1130
5405,1247,609970,,,麻辣小龙虾,0,1,99,,2016/8/2020:50:00,,,,0,,,caipu/101006.jpg,1386
4296,1163,610019,,,白斩鸡,0,1,88,,2016/8/2021:05:00,,,,0,,,caipu/204002.jpg,1537
5861,1292,609961,,,姜葱炒花蟹,0,1,45,,2016/8/2021:12:00,,,,0,,,caipu/102001.jpg,1093
2986,1051,609967,,,香酥两吃大虾,0,1,89,,2016/8/2021:22:00,,,,0,,,caipu/101002.jpg,1573
4216,1154,610037,,,辣炒海带丝,0,1,19,,2016/8/2021:31:00,,,,0,,,caipu/105001.jpg,1012
4477,1179,609942,,,辣炒鱿鱼,0,1,58,,2016/8/2021:35:00,,,,0,,,caipu/103003.jpg,1414
3266,1080,609943,,,剁椒鱼头,0,1,55,,2016/8/2021:38:00,,,,0,,,caipu/103004.jpg,1150
4689,1192,609967,,,香酥两吃大虾,0,1,89,,2016/8/2021:48:00,,,,0,,,caipu/101002.jpg,1147
3838,1125,609966,,,芝士烩波士顿龙虾,0,1,175,,2016/8/2021:53:00,,,,0,,,caipu/101001.jpg,1110
3085,431,609966,,,芝士烩波士顿龙虾,0,1,175,,2016/8/2111:16:00,,,,0,,,caipu/101001.jpg,1579
7202,815,609966,,,芝士烩波士顿龙虾,0,1,175,,2016/8/2111:30:00,,,,0,,,caipu/101001.jpg,1435
7879,879,609966,,,芝士烩波士顿龙虾,0,1,175,,2016/8/2111:33:00,,,,0,,,caipu/101001.jpg,1180
2387,370,609967,,,香酥两吃大虾,0,1,89,,2016/8/2111:47:00,,,,0,,,caipu/101002.jpg,1121
3016,425,610063,,,蒜香辣花甲,0,1,45,,2016/8/2111:53:00,,,,0,,,caipu/104002.jpg,1114
6891,784,609967,,,香酥两吃大虾,0,1,89,,2016/8/2111:57:00,,,,0,,,caipu/101002.jpg,1481
7867,877,609991,,,香烤牛排,0,1,55,,2016/8/2112:10:00,,,,0,,,caipu/201001.jpg,1589
1217,212,609956,,,孜然羊排,0,1,88,,2016/8/2112:26:00,,,,0,,,caipu/202002.jpg,1283
1810,286,610062,,,蒜蓉生蚝,0,1,49,,2016/8/2112:38:00,,,,0,,,caipu/104001.jpg,993
1097,200,609968,,,油焖麻辣虾,0,1,65,,2016/8/2113:02:00,,,,0,,,caipu/101003.jpg,1340
6974,792,609931,,,焖猪手,0,1,58,,2016/8/2113:20:00,,,,0,,,caipu/203002.jpg,1583
1751,278,609953,,,凉拌菠菜,0,1,27,,2016/8/2113:32:00,,,,0,,,caipu/303004.jpg,1591
8004,888,610049,,,爆炒双丝,0,1,35,,2016/8/2113:43:00,,,,0,,,caipu/301003.jpg,1113
6998,794,609966,,,芝士烩波士顿龙虾,0,1,175,,2016/8/2113:45:00,,,,0,,,caipu/101001.jpg,1352
7256,820,609941,,,清蒸海鱼,0,1,78,,2016/8/2113:46:00,,,,0,,,caipu/103002.jpg,1584
7944,884,609966,,,芝士烩波士顿龙虾,0,1,175,,2016/8/2113:56:00,,,,0,,,caipu/101001.jpg,1383
6954,790,609978,,,爆炒鳝碌,0,1,55,,2016/8/2113:57:00,,,,0,,,caipu/106003.jpg,1362
6955,791,609969,,,香辣腐乳炒虾,0,1,56,,2016/8/2114:00:00,,,,0,,,caipu/101004.jpg,1288
3401,1089,609942,,,辣炒鱿鱼,0,1,58,,2016/8/2117:12:00,,,,0,,,caipu/103003.jpg,1272
3114,1320,609941,,,清蒸海鱼,0,1,78,,2016/8/2117:16:00,,,,0,,,caipu/103002.jpg,983
5411,1248,609967,,,香酥两吃大虾,0,1,89,,2016/8/2117:48:00,,,,0,,,caipu/101002.jpg,1239
5473,1254,610062,,,蒜蓉生蚝,0,1,49,,2016/8/2117:48:00,,,,0,,,caipu/104001.jpg,1127
3749,1118,609966,,,芝士烩波士顿龙虾,0,1,175,,2016/8/2118:03:00,,,,0,,,caipu/101001.jpg,1513
3042,1055,609968,,,油焖麻辣虾,0,1,65,,2016/8/2118:06:00,,,,0,,,caipu/101003.jpg,1090
4415,1172,609966,,,芝士烩波士顿龙虾,0,1,175,,2016/8/2118:07:00,,,,0,,,caipu/101001.jpg,1373
4197,1153,609969,,,香辣腐乳炒虾,0,1,56,,2016/8/2118:16:00,,,,0,,,caipu/101004.jpg,1142
4650,580,609934,,,芹菜炒腰花,0,1,18,,2016/8/2118:19:00,,,,0,,,caipu/203005.jpg,1400
4869,1206,610040,,,海带结豆腐汤,0,1,30,,2016/8/2118:25:00,,,,0,,,caipu/105004.jpg,1081
5791,1285,609968,,,油焖麻辣虾,0,1,65,,2016/8/2118:25:00,,,,0,,,caipu/101003.jpg,1388
4110,529,609937,,,冰糖红豆薏米粥,0,1,15,,2016/8/2118:29:00,,,,0,,,caipu/602003.jpg,1418
2605,1022,609966,,,芝士烩波士顿龙虾,0,1,175,,2016/8/2118:29:00,,,,0,,,caipu/101001.jpg,1092
2448,1006,610039,,,培根紫菜卷,0,1,30,,2016/8/2118:31:00,,,,0,,,caipu/105003.jpg,1295
2697,1030,609935,,,山药养生粥,0,2,19,,2016/8/2118:32:00,,,,0,,,caipu/602001.jpg,1354
5373,1246,609969,,,香辣腐乳炒虾,0,1,56,,2016/8/2118:42:00,,,,0,,,caipu/101004.jpg,1330
5030,1218,609961,,,姜葱炒花蟹,0,1,45,,2016/8/2118:43:00,,,,0,,,caipu/102001.jpg,1529
4050,1144,609970,,,麻辣小龙虾,0,1,99,,2016/8/2118:45:00,,,,0,,,caipu/101006.jpg,1542
3302,449,609963,,,盘蟹蒸蛋,0,1,55,,2016/8/2118:58:00,,,,0,,,caipu/102003.jpg,1167
3750,489,609967,,,香酥两吃大虾,0,1,89,,2016/8/2118:58:00,,,,0,,,caipu/101002.jpg,1147
4852,1205,609941,,,清蒸海鱼,0,1,78,,2016/8/2119:08:00,,,,0,,,caipu/103002.jpg,1150
2673,1028,609970,,,麻辣小龙虾,0,1,99,,2016/8/2119:09:00,,,,0,,,caipu/101006.jpg,1136
5462,1253,609970,,,麻辣小龙虾,0,1,99,,2016/8/2119:12:00,,,,0,,,caipu/101006.jpg,1129
5703,1277,610066,,,辣炒田螺,0,1,35,,2016/8/2119:13:00,,,,0,,,caipu/104005.jpg,1130
5559,1262,609969,,,香辣腐乳炒虾,0,1,56,,2016/8/2119:22:00,,,,0,,,caipu/101004.jpg,1141
4974,1215,609967,,,香酥两吃大虾,0,1,89,,2016/8/2119:28:00,,,,0,,,caipu/101002.jpg,1151
3138,437,609970,,,麻辣小龙虾,0,1,99,,2016/8/2119:41:00,,,,0,,,caipu/101006.jpg,1015
5218,1233,609961,,,姜葱炒花蟹,0,1,45,,2016/8/2119:48:00,,,,0,,,caipu/102001.jpg,1009
4228,1155,609966,,,芝士烩波士顿龙虾,0,1,175,,2016/8/2119:49:00,,,,0,,,caipu/101001.jpg,1143
2593,1023,609967,,,香酥两吃大虾,0,1,89,,2016/8/2119:58:00,,,,0,,,caipu/101002.jpg,1094
5855,1291,609968,,,油焖麻辣虾,0,1,65,,2016/8/2120:11:00,,,,0,,,caipu/101003.jpg,1126
5262,1236,609968,,,油焖麻辣虾,0,1,65,,2016/8/2120:13:00,,,,0,,,caipu/101003.jpg,1091
2739,1032,609966,,,芝士烩波士顿龙虾,0,1,175,,2016/8/2120:23:00,,,,0,,,caipu/101001.jpg,1102
5098,1222,609968,,,油焖麻辣虾,0,1,65,,2016/8/2120:25:00,,,,0,,,caipu/101003.jpg,1086
5083,1221,610063,,,蒜香辣花甲,0,1,45,,2016/8/2120:26:00,,,,0,,,caipu/104002.jpg,1135
3740,1117,609966,,,芝士烩波士顿龙虾,0,1,175,,2016/8/2120:27:00,,,,0,,,caipu/101001.jpg,1120
8226,908,609993,,,百里香奶油烤红酒牛肉,0,1,178,,2016/8/2120:44:00,,,,0,,,caipu/111.jpg,1006
3587,471,609969,,,香辣腐乳炒虾,0,1,56,,2016/8/2120:47:00,,,,0,,,caipu/101004.jpg,1014
2932,1047,609931,,,焖猪手,0,1,58,,2016/8/2120:56:00,,,,0,,,caipu/203002.jpg,1029
2904,1042,609940,,,清蒸蝶鱼,0,1,56,,2016/8/2121:03:00,,,,0,,,caipu/103001.jpg,1089
5455,1252,610066,,,辣炒田螺,0,1,35,,2016/8/2121:04:00,,,,0,,,caipu/104005.jpg,1030
3831,1124,609941,,,清蒸海鱼,0,1,78,,2016/8/2121:15:00,,,,0,,,caipu/103002.jpg,1077
5279,1237,609966,,,芝士烩波士顿龙虾,0,1,175,,2016/8/2121:18:00,,,,0,,,caipu/101001.jpg,1132
3802,1122,609943,,,剁椒鱼头,0,1,55,,2016/8/2121:25:00,,,,0,,,caipu/103004.jpg,1076
4975,608,609962,,,倒立蒸梭子蟹,0,1,169,,2016/8/2121:29:00,,,,0,,,caipu/102002.jpg,1079
4144,1150,609942,,,辣炒鱿鱼,0,1,58,,2016/8/2121:38:00,,,,0,,,caipu/103003.jpg,1008
6031,709,609961,,,姜葱炒花蟹,0,1,45,,2016/8/2121:44:00,,,,0,,,caipu/102001.jpg,1119
4131,531,609967,,,香酥两吃大虾,0,1,89,,2016/8/2121:46:00,,,,0,,,caipu/101002.jpg,1115
3911,1130,609943,,,剁椒鱼头,0,1,55,,2016/8/2121:53:00,,,,0,,,caipu/103004.jpg,1134
4781,1199,610062,,,蒜蓉生蚝,0,1,49,,2016/8/2121:55:00,,,,0,,,caipu/104001.jpg,1128
1001,187,609970,,,麻辣小龙虾,0,1,99,,2016/8/2211:37:00,,,,0,,,caipu/101006.jpg,1001
2885,410,609968,,,油焖麻辣虾,0,1,65,,2016/8/2211:50:00,,,,0,,,caipu/101003.jpg,1131
2601,388,609967,,,香酥两吃大虾,0,1,89,,2016/8/2213:29:00,,,,0,,,caipu/101002.jpg,1068
1938,307,609961,,,姜葱炒花蟹,0,1,45,,2016/8/2213:29:00,,,,0,,,caipu/102001.jpg,1002
4507,566,610021,,,爆炒鸡翅,0,1,56,,2016/8/2217:03:00,,,,0,,,caipu/204004.jpg,1091
5838,691,609950,,,大蒜苋菜,0,1,30,,2016/8/2217:08:00,,,,0,,,caipu/303001.jpg,1087
4402,559,609970,,,麻辣小龙虾,0,1,99,,2016/8/2217:39:00,,,,0,,,caipu/101006.jpg,1027
4137,532,609967,,,香酥两吃大虾,0,1,89,,2016/8/2217:47:00,,,,0,,,caipu/101002.jpg,1116
5582,665,609974,,,南瓜枸杞小饼干,0,1,19,,2016/8/2217:50:00,,,,0,,,caipu/502004.jpg,1103
6673,767,609967,,,香酥两吃大虾,0,1,89,,2016/8/2218:24:00,,,,0,,,caipu/101002.jpg,1137
3646,477,609962,,,倒立蒸梭子蟹,0,1,169,,2016/8/2218:32:00,,,,0,,,caipu/102002.jpg,1086
5190,626,609962,,,倒立蒸梭子蟹,0,1,169,,2016/8/2219:35:00,,,,0,,,caipu/102002.jpg,1076
3773,493,609991,,,香烤牛排,0,2,55,,2016/8/2220:12:00,,,,0,,,caipu/201001.jpg,1100
6090,717,609966,,,芝士烩波士顿龙虾,0,1,175,,2016/8/2220:19:00,,,,0,,,caipu/101001.jpg,1101
3820,499,609970,,,麻辣小龙虾,0,1,99,,2016/8/2221:56:00,,,,0,,,caipu/101006.jpg,1157
1262,217,609944,,,水煮鱼,0,1,65,,2016/8/2312:13:00,,,,0,,,caipu/103005.jpg,1033
1798,279,609991,,,香烤牛排,0,1,55,,2016/8/2312:19:00,,,,0,,,caipu/201001.jpg,1031
2017,318,609969,,,香辣腐乳炒虾,0,1,56,,2016/8/2312:20:00,,,,0,,,caipu/101004.jpg,993
1148,204,609965,,,葱姜炒蟹,0,1,109,,2016/8/2312:20:00,,,,0,,,caipu/102005.jpg,1073
1917,305,609968,,,油焖麻辣虾,0,1,65,,2016/8/2312:20:00,,,,0,,,caipu/101003.jpg,1008
2054,321,609942,,,辣炒鱿鱼,0,1,58,,2016/8/2312:27:00,,,,0,,,caipu/103003.jpg,1001
1558,252,609944,,,水煮鱼,0,1,65,,2016/8/2313:10:00,,,,0,,,caipu/103005.jpg,1034
3354,435,609942,,,辣炒鱿鱼,0,1,58,,2016/8/2313:24:00,,,,0,,,caipu/103003.jpg,1071
4547,572,609970,,,麻辣小龙虾,0,1,99,,2016/8/2317:03:00,,,,0,,,caipu/101006.jpg,1119
3897,505,609945,,,农夫山泉NFC果汁100%橙汁,0,1,6,,2016/8/2317:11:00,,,,0,,,caipu/404001.jpg,1159
5572,666,609994,,,独家薄荷鲜虾牛肉卷,0,1,45,,2016/8/2317:53:00,,,,0,,,caipu/201004.jpg,1076
5014,609,609970,,,麻辣小龙虾,0,1,99,,2016/8/2317:58:00,,,,0,,,caipu/101006.jpg,1110
6258,730,609931,,,焖猪手,0,1,58,,2016/8/2318:34:00,,,,0,,,caipu/203002.jpg,1128
4439,563,609966,,,芝士烩波士顿龙虾,0,1,175,,2016/8/2319:25:00,,,,0,,,caipu/101001.jpg,1087
5990,702,609966,,,芝士烩波士顿龙虾,0,1,175,,2016/8/2319:47:00,,,,0,,,caipu/101001.jpg,994
3626,476,609967,,,香酥两吃大虾,0,1,89,,2016/8/2320:02:00,,,,0,,,caipu/101002.jpg,998
5705,675,609942,,,辣炒鱿鱼,0,1,58,,2016/8/2320:43:00,,,,0,,,caipu/103003.jpg,1086
1733,276,610063,,,蒜香辣花甲,0,1,45,,2016/8/2411:18:00,,,,0,,,caipu/104002.jpg,1033
2748,400,609967,,,香酥两吃大虾,0,1,89,,2016/8/2411:19:00,,,,0,,,caipu/101002.jpg,1080
2221,343,610037,,,辣炒海带丝,0,1,19,,2016/8/2411:49:00,,,,0,,,caipu/105001.jpg,993
1050,191,609970,,,麻辣小龙虾,0,1,99,,2016/8/2411:52:00,,,,0,,,caipu/101006.jpg,994
2971,418,609967,,,香酥两吃大虾,0,1,89,,2016/8/2413:00:00,,,,0,,,caipu/101002.jpg,1117
875,167,609995,,,党参黄芪炖牛尾,0,1,35,,2016/8/2413:43:00,,,,0,,,caipu/201005.jpg,988
6409,741,609936,,,皮蛋瘦肉粥,0,1,16,,2016/8/2417:51:00,,,,0,,,caipu/602002.jpg,1091
5693,674,610062,,,蒜蓉生蚝,0,1,49,,2016/8/2419:12:00,,,,0,,,caipu/104001.jpg,1089
3967,511,609970,,,麻辣小龙虾,0,1,99,,2016/8/2419:12:00,,,,0,,,caipu/101006.jpg,1163
3849,501,609961,,,姜葱炒花蟹,0,1,45,,2016/8/2419:13:00,,,,0,,,caipu/102001.jpg,1158
4037,519,609962,,,倒立蒸梭子蟹,0,1,169,,2016/8/2419:20:00,,,,0,,,caipu/102002.jpg,1084
5709,676,609940,,,清蒸蝶鱼,0,1,56,,2016/8/2419:35:00,,,,0,,,caipu/103001.jpg,1113
4092,527,609941,,,清蒸海鱼,0,1,78,,2016/8/2419:49:00,,,,0,,,caipu/103002.jpg,1106
6549,753,609961,,,姜葱炒花蟹,0,1,45,,2016/8/2420:10:00,,,,0,,,caipu/102001.jpg,1118
6306,733,610063,,,蒜香辣花甲,0,1,45,,2016/8/2420:10:00,,,,0,,,caipu/104002.jpg,1153
4934,604,609944,,,水煮鱼,0,1,65,,2016/8/2420:55:00,,,,0,,,caipu/103005.jpg,1105
3565,470,609970,,,麻辣小龙虾,0,1,99,,2016/8/2421:27:00,,,,0,,,caipu/101006.jpg,1131
2557,385,609966,,,芝士烩波士顿龙虾,0,1,175,,2016/8/2511:01:00,,,,0,,,caipu/101001.jpg,1076
1697,271,609944,,,水煮鱼,0,1,65,,2016/8/2511:36:00,,,,0,,,caipu/103005.jpg,990
2239,345,609967,,,香酥两吃大虾,0,1,89,,2016/8/2511:36:00,,,,0,,,caipu/101002.jpg,984
1753,274,609968,,,油焖麻辣虾,0,1,65,,2016/8/2511:55:00,,,,0,,,caipu/101003.jpg,997
844,163,609970,,,麻辣小龙虾,0,1,99,,2016/8/2512:17:00,,,,0,,,caipu/101006.jpg,988
1092,199,609967,,,香酥两吃大虾,0,1,89,,2016/8/2513:58:00,,,,0,,,caipu/101002.jpg,996
5741,679,609970,,,麻辣小龙虾,0,1,99,,2016/8/2517:05:00,,,,0,,,caipu/101006.jpg,1083
6573,757,609968,,,油焖麻辣虾,0,1,65,,2016/8/2517:43:00,,,,0,,,caipu/101003.jpg,1148
2964,1050,609966,,,芝士烩波士顿龙虾,0,1,175,,2016/8/2517:46:00,,,,0,,,caipu/101001.jpg,1001
4756,590,609944,,,水煮鱼,0,1,65,,2016/8/2518:40:00,,,,0,,,caipu/103005.jpg,1077
3491,464,609968,,,油焖麻辣虾,0,1,65,,2016/8/2519:27:00,,,,0,,,caipu/101003.jpg,1108
4034,518,609944,,,水煮鱼,0,1,65,,2016/8/2519:56:00,,,,0,,,caipu/103005.jpg,1156
3394,456,610038,,,芝麻烤紫菜,0,1,25,,2016/8/2520:34:00,,,,0,,,caipu/105002.jpg,1104
4064,523,609941,,,清蒸海鱼,0,1,78,,2016/8/2520:49:00,,,,0,,,caipu/103002.jpg,1086
2112,326,609964,,,避风塘炒蟹,0,1,48,,2016/8/2611:21:00,,,,0,,,caipu/102004.jpg,987
2793,403,609968,,,油焖麻辣虾,0,1,65,,2016/8/2611:25:00,,,,0,,,caipu/101003.jpg,1108
2282,350,609707,,,百里香奶油烤紅酒牛肉,0,1,178,,2016/8/2612:29:00,,,,0,,,caipu/201001.jpg,995
1139,205,609940,,,清蒸蝶鱼,0,1,56,,2016/8/2612:36:00,,,,0,,,caipu/103001.jpg,1017
1162,206,610062,,,蒜蓉生蚝,0,1,49,,2016/8/2613:15:00,,,,0,,,caipu/104001.jpg,1002
1598,257,609966,,,芝士烩波士顿龙虾,0,1,175,,2016/8/2613:15:00,,,,0,,,caipu/101001.jpg,1018
1170,208,609943,,,剁椒鱼头,0,1,55,,2016/8/2613:53:00,,,,0,,,caipu/103004.jpg,982
1841,292,610048,,,拌土豆丝,0,1,25,,2016/8/2614:03:00,,,,0,,,caipu/301002.jpg,989
6040,710,609970,,,麻辣小龙虾,0,1,99,,2016/8/2617:46:00,,,,0,,,caipu/101006.jpg,1147
5028,611,609966,,,芝士烩波士顿龙虾,0,1,175,,2016/8/2617:48:00,,,,0,,,caipu/101001.jpg,1098
5309,639,609939,,,香菇鸡肉粥,0,3,15,,2016/8/2617:50:00,,,,0,,,caipu/602005.jpg,1075
5500,659,609940,,,清蒸蝶鱼,0,1,56,,2016/8/2617:51:00,,,,0,,,caipu/103001.jpg,1119
4328,552,609963,,,盘蟹蒸蛋,0,1,55,,2016/8/2617:52:00,,,,0,,,caipu/102003.jpg,1112
6283,731,609968,,,油焖麻辣虾,0,1,65,,2016/8/2618:49:00,,,,0,,,caipu/101003.jpg,1082
4359,554,609966,,,芝士烩波士顿龙虾,0,1,175,,2016/8/2619:49:00,,,,0,,,caipu/101001.jpg,1016
6479,747,609968,,,油焖麻辣虾,0,1,65,,2016/8/2619:49:00,,,,0,,,caipu/101003.jpg,1097
5207,627,610010,,,白饭/小碗,0,1,1,,2016/8/2620:37:00,,,,0,,,caipu/601004.jpg,1077
5263,634,609966,,,芝士烩波士顿龙虾,0,1,175,,2016/8/2620:45:00,,,,0,,,caipu/101001.jpg,1078
3386,1087,609966,,,芝士烩波士顿龙虾,0,1,175,,2016/8/2620:55:00,,,,0,,,caipu/101001.jpg,1028
2849,1037,609956,,,孜然羊排,0,1,88,,2016/8/2621:32:00,,,,0,,,caipu/202002.jpg,1027
7415,834,609969,,,香辣腐乳炒虾,0,1,56,,2016/8/2711:04:00,,,,0,,,caipu/101004.jpg,1083
7111,806,610040,,,海带结豆腐汤,0,1,30,,2016/8/2711:10:00,,,,0,,,caipu/105004.jpg,1099
2345,361,609966,,,芝士烩波士顿龙虾,0,1,175,,2016/8/2711:15:00,,,,0,,,caipu/101001.jpg,995
7463,838,609967,,,香酥两吃大虾,0,1,89,,2016/8/2711:15:00,,,,0,,,caipu/101002.jpg,1126
946,178,609995,,,党参黄芪炖牛尾,0,1,35,,2016/8/2711:17:00,,,,0,,,caipu/201005.jpg,994
7220,816,609961,,,姜葱炒花蟹,0,1,45,,2016/8/2711:35:00,,,,0,,,caipu/102001.jpg,1160
7361,830,609970,,,麻辣小龙虾,0,1,99,,2016/8/2711:37:00,,,,0,,,caipu/101006.jpg,1076
7744,866,609970,,,麻辣小龙虾,0,1,99,,2016/8/2712:02:00,,,,0,,,caipu/101006.jpg,1159
6895,785,609970,,,麻辣小龙虾,0,1,99,,2016/8/2712:02:00,,,,0,,,caipu/101006.jpg,1104
7777,868,609963,,,盘蟹蒸蛋,0,1,55,,2016/8/2712:38:00,,,,0,,,caipu/102003.jpg,1133
2130,329,610065,,,辣炒花蛤,0,1,35,,2016/8/2712:59:00,,,,0,,,caipu/104004.jpg,1001
7271,821,609931,,,焖猪手,0,1,58,,2016/8/2713:10:00,,,,0,,,caipu/203002.jpg,1086
7024,796,609970,,,麻辣小龙虾,0,1,99,,2016/8/2713:12:00,,,,0,,,caipu/101006.jpg,1092
3004,423,609992,,,番茄炖牛腩,0,1,35,,2016/8/2713:27:00,,,,0,,,caipu/201002.jpg,1120
7427,835,609967,,,香酥两吃大虾,0,1,89,,2016/8/2713:43:00,,,,0,,,caipu/101002.jpg,1073
7241,819,609966,,,芝士烩波士顿龙虾,0,1,175,,2016/8/2713:44:00,,,,0,,,caipu/101001.jpg,1124
1912,303,609943,,,剁椒鱼头,0,1,55,,2016/8/2713:57:00,,,,0,,,caipu/103004.jpg,1004
3789,496,609969,,,香辣腐乳炒虾,0,1,56,,2016/8/2717:03:00,,,,0,,,caipu/101004.jpg,1019
4899,1209,609940,,,清蒸蝶鱼,0,1,56,,2016/8/2717:09:00,,,,0,,,caipu/103001.jpg,1020
3489,465,609967,,,香酥两吃大虾,0,1,89,,2016/8/2717:15:00,,,,0,,,caipu/101002.jpg,1020
6062,1304,610027,,,清炒菊花菜,0,1,30,,2016/8/2717:45:00,,,,0,,,caipu/304001.jpg,1087
4990,1216,609994,,,独家薄荷鲜虾牛肉卷,0,1,45,,2016/8/2717:50:00,,,,0,,,caipu/201004.jpg,1026
3881,1127,610046,,,青炒扁豆,0,1,28,,2016/8/2717:58:00,,,,0,,,caipu/305005.jpg,1022
6101,1307,609963,,,盘蟹蒸蛋,0,1,55,,2016/8/2717:58:00,,,,0,,,caipu/102003.jpg,1088
3385,455,609970,,,麻辣小龙虾,0,1,99,,2016/8/2718:06:00,,,,0,,,caipu/101006.jpg,1018
5808,687,609941,,,清蒸海鱼,0,1,78,,2016/8/2718:07:00,,,,0,,,caipu/103002.jpg,1079
4662,1190,609940,,,清蒸蝶鱼,0,1,56,,2016/8/2718:20:00,,,,0,,,caipu/103001.jpg,1078
3677,483,609969,,,香辣腐乳炒虾,0,1,56,,2016/8/2718:23:00,,,,0,,,caipu/101004.jpg,1024
6186,1313,609969,,,香辣腐乳炒虾,0,1,56,,2016/8/2718:33:00,,,,0,,,caipu/101004.jpg,1119
4793,1200,609966,,,芝士烩波士顿龙虾,0,1,175,,2016/8/2718:34:00,,,,0,,,caipu/101001.jpg,1149
2910,1046,609966,,,芝士烩波士顿龙虾,0,1,175,,2016/8/2718:48:00,,,,0,,,caipu/101001.jpg,1132
6606,761,609968,,,油焖麻辣虾,0,1,65,,2016/8/2718:56:00,,,,0,,,caipu/101003.jpg,1107
3219,1076,610030,,,番茄有机花菜,0,1,32,,2016/8/2719:01:00,,,,0,,,caipu/304004.jpg,1023
4543,1182,610065,,,辣炒花蛤,0,1,35,,2016/8/2719:03:00,,,,0,,,caipu/104004.jpg,1097
2610,1024,609936,,,皮蛋瘦肉粥,0,1,16,,2016/8/2719:06:00,,,,0,,,caipu/602002.jpg,1017
2786,1034,609966,,,芝士烩波士顿龙虾,0,1,175,,2016/8/2719:15:00,,,,0,,,caipu/101001.jpg,1138
4960,606,609944,,,水煮鱼,0,1,65,,2016/8/2719:15:00,,,,0,,,caipu/103005.jpg,1108
2839,1036,609941,,,清蒸海鱼,0,1,78,,2016/8/2719:17:00,,,,0,,,caipu/103002.jpg,1021
2864,1040,610063,,,蒜香辣花甲,0,1,45,,2016/8/2719:22:00,,,,0,,,caipu/104002.jpg,1122
3136,1067,609966,,,芝士烩波士顿龙虾,0,1,175,,2016/8/2719:24:00,,,,0,,,caipu/101001.jpg,1161
2375,1005,609970,,,麻辣小龙虾,0,1,99,,2016/8/2719:26:00,,,,0,,,caipu/101006.jpg,1016
4755,589,609967,,,香酥两吃大虾,0,1,89,,2016/8/2719:28:00,,,,0,,,caipu/101002.jpg,1112
5979,1299,609958,,,香辣爆羊肝,0,1,28,,2016/8/2719:33:00,,,,0,,,caipu/202004.jpg,1082
5182,1230,609964,,,避风塘炒蟹,0,1,48,,2016/8/2719:34:00,,,,0,,,caipu/102004.jpg,1106
3599,1107,610025,,,番茄蛋汤,0,1,25,,2016/8/2719:38:00,,,,0,,,caipu/204008.jpg,1118
4963,1214,609965,,,葱姜炒蟹,0,1,109,,2016/8/2719:44:00,,,,0,,,caipu/102005.jpg,1111
4743,1196,609963,,,盘蟹蒸蛋,0,1,55,,2016/8/2720:07:00,,,,0,,,caipu/102003.jpg,1147
4939,1213,609967,,,香酥两吃大虾,0,1,89,,2016/8/2720:07:00,,,,0,,,caipu/101002.jpg,1134
2556,1019,609991,,,香烤牛排,0,1,55,,2016/8/2720:29:00,,,,0,,,caipu/201001.jpg,1109
5146,1228,609966,,,芝士烩波士顿龙虾,0,1,175,,2016/8/2720:34:00,,,,0,,,caipu/101001.jpg,1103
4314,1165,609944,,,水煮鱼,0,1,65,,2016/8/2720:35:00,,,,0,,,caipu/103005.jpg,1163
6180,1312,609963,,,盘蟹蒸蛋,0,1,55,,2016/8/2720:37:00,,,,0,,,caipu/102003.jpg,1117
8239,910,609967,,,香酥两吃大虾,0,1,89,,2016/8/2720:37:00,,,,0,,,caipu/101002.jpg,1151
3506,1097,609943,,,剁椒鱼头,0,1,55,,2016/8/2720:44:00,,,,0,,,caipu/103004.jpg,1077
3496,1095,609967,,,香酥两吃大虾,0,1,89,,2016/8/2720:45:00,,,,0,,,caipu/101002.jpg,1130
4384,556,609962,,,倒立蒸梭子蟹,0,1,169,,2016/8/2720:48:00,,,,0,,,caipu/102002.jpg,1114
5737,1281,609970,,,麻辣小龙虾,0,1,99,,2016/8/2720:50:00,,,,0,,,caipu/101006.jpg,1096
5117,1223,609991,,,香烤牛排,0,1,55,,2016/8/2720:56:00,,,,0,,,caipu/201001.jpg,1155
6537,752,609968,,,油焖麻辣虾,0,1,65,,2016/8/2721:30:00,,,,0,,,caipu/101003.jpg,1025
4403,1171,609970,,,麻辣小龙虾,0,1,99,,2016/8/2721:38:00,,,,0,,,caipu/101006.jpg,1100
3884,1128,610065,,,辣炒花蛤,0,1,35,,2016/8/2721:41:00,,,,0,,,caipu/104004.jpg,1093
4034,1142,609969,,,香辣腐乳炒虾,0,1,56,,2016/8/2721:42:00,,,,0,,,caipu/101004.jpg,1080
5491,1256,610049,,,爆炒双丝,0,1,35,,2016/8/2721:45:00,,,,0,,,caipu/301003.jpg,1128
4304,549,610067,,,冰镇花螺,0,1,35,,2016/8/2721:50:00,,,,0,,,caipu/104006.jpg,1098
4307,1164,610020,,,泡椒凤爪,0,1,58,,2016/8/2721:56:00,,,,0,,,caipu/204003.jpg,1162
4881,1207,610023,,,啤酒鸭,0,1,48,,2016/8/2722:00:00,,,,0,,,caipu/204006.jpg,1084
6941,789,609967,,,香酥两吃大虾,0,1,89,,2016/8/2811:06:00,,,,0,,,caipu/101002.jpg,1080
7770,867,610037,,,辣炒海带丝,0,1,19,,2016/8/2811:19:00,,,,0,,,caipu/105001.jpg,1014
7276,822,609967,,,香酥两吃大虾,0,1,89,,2016/8/2811:20:00,,,,0,,,caipu/101002.jpg,1117
6835,781,609943,,,剁椒鱼头,0,1,55,,2016/8/2811:24:00,,,,0,,,caipu/103004.jpg,1089
8015,890,609931,,,焖猪手,0,1,58,,2016/8/2811:30:00,,,,0,,,caipu/203002.jpg,1017
7329,827,609966,,,芝士烩波士顿龙虾,0,1,175,,2016/8/2811:46:00,,,,0,,,caipu/101001.jpg,1009
2168,335,609962,,,倒立蒸梭子蟹,0,1,169,,2016/8/2811:53:00,,,,0,,,caipu/102002.jpg,1007
2181,341,609992,,,番茄炖牛腩,0,1,35,,2016/8/2812:04:00,,,,0,,,caipu/201002.jpg,1004
7997,889,609933,,,自制猪肉脯,0,1,48,,2016/8/2812:04:00,,,,0,,,caipu/203004.jpg,1076
2798,402,609970,,,麻辣小龙虾,0,1,99,,2016/8/2812:26:00,,,,0,,,caipu/101006.jpg,1025
7721,863,609961,,,姜葱炒花蟹,0,1,45,,2016/8/2812:26:00,,,,0,,,caipu/102001.jpg,1008
7066,801,609970,,,麻辣小龙虾,0,1,99,,2016/8/2812:29:00,,,,0,,,caipu/101006.jpg,1026
7679,858,609960,,,白胡椒胡萝卜羊肉汤,0,1,35,,2016/8/2812:31:00,,,,0,,,caipu/202006.jpg,1028
1867,297,609969,,,香辣腐乳炒虾,0,1,56,,2016/8/2812:34:00,,,,0,,,caipu/101004.jpg,987
7846,874,609952,,,美妙绝伦之白莲花,0,1,29,,2016/8/2812:49:00,,,,0,,,caipu/303003.jpg,1111
7947,885,609942,,,辣炒鱿鱼,0,1,58,,2016/8/2813:03:00,,,,0,,,caipu/103003.jpg,1024
7731,864,609963,,,盘蟹蒸蛋,0,1,55,,2016/8/2813:06:00,,,,0,,,caipu/102003.jpg,1147
7942,883,609961,,,姜葱炒花蟹,0,1,45,,2016/8/2813:07:00,,,,0,,,caipu/102001.jpg,1088
6834,780,609970,,,麻辣小龙虾,0,1,99,,2016/8/2813:18:00,,,,0,,,caipu/101006.jpg,1000
7305,823,609966,,,芝士烩波士顿龙虾,0,1,175,,2016/8/2813:40:00,,,,0,,,caipu/101001.jpg,1020
7899,880,609940,,,清蒸蝶鱼,0,1,56,,2016/8/2813:52:00,,,,0,,,caipu/103001.jpg,1112
5052,1219,609967,,,香酥两吃大虾,0,1,89,,2016/8/2817:06:00,,,,0,,,caipu/101002.jpg,1153
2551,1017,609931,,,焖猪手,0,1,58,,2016/8/2817:33:00,,,,0,,,caipu/203002.jpg,1034
3935,1135,610066,,,辣炒田螺,0,1,35,,2016/8/2817:44:00,,,,0,,,caipu/104005.jpg,1032
4937,1212,610049,,,爆炒双丝,0,1,35,,2016/8/2817:46:00,,,,0,,,caipu/301003.jpg,1085
5492,658,609969,,,香辣腐乳炒虾,0,1,56,,2016/8/2817:56:00,,,,0,,,caipu/101004.jpg,1021
4337,1166,609969,,,香辣腐乳炒虾,0,1,56,,2016/8/2817:57:00,,,,0,,,caipu/101004.jpg,1164
2631,1025,609935,,,山药养生粥,0,1,19,,2016/8/2818:05:00,,,,0,,,caipu/602001.jpg,1082
5811,1287,610063,,,蒜香辣花甲,0,1,45,,2016/8/2818:12:00,,,,0,,,caipu/104002.jpg,1098
3350,1084,609970,,,麻辣小龙虾,0,1,99,,2016/8/2818:26:00,,,,0,,,caipu/101006.jpg,1106
3329,1083,609966,,,芝士烩波士顿龙虾,0,1,175,,2016/8/2818:31:00,,,,0,,,caipu/101001.jpg,1018
8139,902,609970,,,麻辣小龙虾,0,1,99,,2016/8/2818:34:00,,,,0,,,caipu/101006.jpg,1083
5950,1297,609966,,,芝士烩波士顿龙虾,0,1,175,,2016/8/2818:36:00,,,,0,,,caipu/101001.jpg,1128
2881,1041,609970,,,麻辣小龙虾,0,1,99,,2016/8/2818:38:00,,,,0,,,caipu/101006.jpg,1103
3509,466,609931,,,焖猪手,0,1,58,,2016/8/2818:42:00,,,,0,,,caipu/203002.jpg,1013
5654,1273,609966,,,芝士烩波士顿龙虾,0,1,175,,2016/8/2818:46:00,,,,0,,,caipu/101001.jpg,1099
4394,558,609967,,,香酥两吃大虾,0,1,89,,2016/8/2818:47:00,,,,0,,,caipu/101002.jpg,1030
4004,1140,609967,,,香酥两吃大虾,0,1,89,,2016/8/2818:56:00,,,,0,,,caipu/101002.jpg,1086
8212,907,609968,,,油焖麻辣虾,0,1,65,,2016/8/2819:07:00,,,,0,,,caipu/101003.jpg,1143
5969,700,609961,,,姜葱炒花蟹,0,1,45,,2016/8/2819:08:00,,,,0,,,caipu/102001.jpg,1023
4723,1194,609961,,,姜葱炒花蟹,0,1,45,,2016/8/2819:25:00,,,,0,,,caipu/102001.jpg,1131
3566,1104,610062,,,蒜蓉生蚝,0,1,49,,2016/8/2819:28:00,,,,0,,,caipu/104001.jpg,1118
4421,561,609966,,,芝士烩波士顿龙虾,0,1,175,,2016/8/2819:28:00,,,,0,,,caipu/101001.jpg,1015
4787,1158,609966,,,芝士烩波士顿龙虾,0,1,175,,2016/8/2819:29:00,,,,0,,,caipu/101001.jpg,1029
3311,450,609943,,,剁椒鱼头,0,1,55,,2016/8/2819:35:00,,,,0,,,caipu/103004.jpg,1116
4607,1187,609964,,,避风塘炒蟹,0,1,48,,2016/8/2819:36:00,,,,0,,,caipu/102004.jpg,1075
3126,1066,609967,,,香酥两吃大虾,0,1,89,,2016/8/2819:44:00,,,,0,,,caipu/101002.jpg,1160
5317,1240,609967,,,香酥两吃大虾,0,1,89,,2016/8/2819:45:00,,,,0,,,caipu/101002.jpg,1133
4052,521,610040,,,海带结豆腐汤,0,1,30,,2016/8/2819:58:00,,,,0,,,caipu/105004.jpg,1163
4276,1160,609944,,,水煮鱼,0,1,65,,2016/8/2820:10:00,,,,0,,,caipu/103005.jpg,1155
3058,1058,609940,,,清蒸蝶鱼,0,1,56,,2016/8/2820:15:00,,,,0,,,caipu/103001.jpg,1031
2861,1039,609961,,,姜葱炒花蟹,0,1,45,,2016/8/2820:28:00,,,,0,,,caipu/102001.jpg,1010
4240,1156,609969,,,香辣腐乳炒虾,0,1,56,,2016/8/2820:34:00,,,,0,,,caipu/101004.jpg,1150
5297,638,609970,,,麻辣小龙虾,0,1,99,,2016/8/2820:36:00,,,,0,,,caipu/101006.jpg,1022
3247,444,609938,,,小米南瓜粥,0,1,13,,2016/8/2820:43:00,,,,0,,,caipu/602004.jpg,1033
5048,614,609970,,,麻辣小龙虾,0,1,99,,2016/8/2820:49:00,,,,0,,,caipu/101006.jpg,1019
5991,1300,609970,,,麻辣小龙虾,0,1,99,,2016/8/2821:02:00,,,,0,,,caipu/101006.jpg,1092
2477,1009,609936,,,皮蛋瘦肉粥,0,1,16,,2016/8/2821:02:00,,,,0,,,caipu/602002.jpg,1127
3681,1113,609961,,,姜葱炒花蟹,0,1,45,,2016/8/2821:02:00,,,,0,,,caipu/102001.jpg,1104
2938,1045,609933,,,自制猪肉脯,0,1,48,,2016/8/2821:05:00,,,,0,,,caipu/203004.jpg,1151
3240,1078,609938,,,小米南瓜粥,0,1,13,,2016/8/2821:10:00,,,,0,,,caipu/602004.jpg,1093
4624,1189,609967,,,香酥两吃大虾,0,1,89,,2016/8/2821:11:00,,,,0,,,caipu/101002.jpg,1119
4661,582,609970,,,麻辣小龙虾,0,1,99,,2016/8/2821:17:00,,,,0,,,caipu/101006.jpg,1016
5619,1269,609966,,,芝士烩波士顿龙虾,0,1,175,,2016/8/2821:29:00,,,,0,,,caipu/101001.jpg,1152
2446,1010,609968,,,油焖麻辣虾,0,1,65,,2016/8/2821:37:00,,,,0,,,caipu/101003.jpg,1108
5678,1275,609962,,,倒立蒸梭子蟹,0,1,169,,2016/8/2821:43:00,,,,0,,,caipu/102002.jpg,1101
3074,1060,609968,,,油焖麻辣虾,0,1,65,,2016/8/2821:47:00,,,,0,,,caipu/101003.jpg,1011
4787,592,609955,,,红酒炖羊肉,0,1,108,,2016/8/2821:58:00,,,,0,,,caipu/202001.jpg,1027
3766,1120,609942,,,辣炒鱿鱼,0,1,58,,2016/8/2821:59:00,,,,0,,,caipu/103003.jpg,1121
6227,1316,609940,,,清蒸蝶鱼,0,1,56,,2016/8/2821:59:00,,,,0,,,caipu/103001.jpg,1149
931,176,609966,,,芝士烩波士顿龙虾,0,1,175,,2016/8/2911:11:00,,,,0,,,caipu/101001.jpg,1017
953,180,610039,,,培根紫菜卷,0,1,30,,2016/8/2911:16:00,,,,0,,,caipu/105003.jpg,1023
2138,332,609992,,,番茄炖牛腩,0,1,35,,2016/8/2911:51:00,,,,0,,,caipu/201002.jpg,1029
958,179,610025,,,番茄蛋汤,0,1,25,,2016/8/2912:15:00,,,,0,,,caipu/204008.jpg,992
1437,236,610065,,,辣炒花蛤,0,1,35,,2016/8/2912:30:00,,,,0,,,caipu/104004.jpg,1001
2053,322,609967,,,香酥两吃大虾,0,1,89,,2016/8/2912:51:00,,,,0,,,caipu/101002.jpg,993
5919,696,610011,,,白饭/大碗,0,1,10,,2016/8/2917:04:00,,,,0,,,caipu/601005.jpg,1097
6738,775,610039,,,培根紫菜卷,0,1,30,,2016/8/2917:46:00,,,,0,,,caipu/105003.jpg,1087
4579,576,609969,,,香辣腐乳炒虾,0,1,56,,2016/8/2918:36:00,,,,0,,,caipu/101004.jpg,1103
6178,722,609970,,,麻辣小龙虾,0,1,99,,2016/8/2918:59:00,,,,0,,,caipu/101006.jpg,1076
5475,657,609970,,,麻辣小龙虾,0,1,99,,2016/8/2919:08:00,,,,0,,,caipu/101006.jpg,1107
4740,588,609942,,,辣炒鱿鱼,0,1,58,,2016/8/2919:13:00,,,,0,,,caipu/103003.jpg,1092
6395,740,609966,,,芝士烩波士顿龙虾,0,1,175,,2016/8/2920:43:00,,,,0,,,caipu/101001.jpg,1090
5935,697,609934,,,芹菜炒腰花,0,1,18,,2016/8/2921:29:00,,,,0,,,caipu/203005.jpg,1098
2736,398,609932,,,爆炒猪肝,0,1,68,,2016/8/3011:17:00,,,,0,,,caipu/203003.jpg,1108
2569,387,609966,,,芝士烩波士顿龙虾,0,1,175,,2016/8/3012:01:00,,,,0,,,caipu/101001.jpg,1095
886,168,609966,,,芝士烩波士顿龙虾,0,2,175,,2016/8/3012:10:00,,,,0,,,caipu/101001.jpg,990
3279,446,609968,,,油焖麻辣虾,0,1,65,,2016/8/3018:08:00,,,,0,,,caipu/101003.jpg,1166
6338,735,609991,,,香烤牛排,0,1,55,,2016/8/3018:14:00,,,,0,,,caipu/201001.jpg,1132
5643,671,610063,,,蒜香辣花甲,0,1,45,,2016/8/3019:26:00,,,,0,,,caipu/104002.jpg,1084
4925,603,609967,,,香酥两吃大虾,0,1,89,,2016/8/3019:33:00,,,,0,,,caipu/101002.jpg,1102
5536,661,609970,,,麻辣小龙虾,0,1,99,,2016/8/3020:02:00,,,,0,,,caipu/101006.jpg,1096
4486,565,609970,,,麻辣小龙虾,0,1,99,,2016/8/3020:15:00,,,,0,,,caipu/101006.jpg,1105
4216,539,609970,,,麻辣小龙虾,0,1,99,,2016/8/3020:31:00,,,,0,,,caipu/101006.jpg,1110
5280,636,610039,,,培根紫菜卷,0,1,30,,2016/8/3020:52:00,,,,0,,,caipu/105003.jpg,1089
3451,461,609970,,,麻辣小龙虾,0,1,99,,2016/8/3021:48:00,,,,0,,,caipu/101006.jpg,1075
6767,777,609970,,,麻辣小龙虾,0,1,99,,2016/8/3021:51:00,,,,0,,,caipu/101006.jpg,1076
4016,515,609970,,,麻辣小龙虾,0,1,99,,2016/8/3021:57:00,,,,0,,,caipu/101006.jpg,1161
1827,289,609964,,,避风塘炒蟹,0,1,48,,2016/8/3111:52:00,,,,0,,,caipu/102004.jpg,991
2986,419,610047,,,西瓜胡萝卜沙拉,0,1,26,,2016/8/3112:22:00,,,,0,,,caipu/301001.jpg,1071
2674,395,609970,,,麻辣小龙虾,0,1,99,,2016/8/3112:51:00,,,,0,,,caipu/101006.jpg,1021
2190,336,609963,,,盘蟹蒸蛋,0,1,55,,2016/8/3113:59:00,,,,0,,,caipu/102003.jpg,996
3930,507,609989,,,青岛啤酒罐装,0,1,7,,2016/8/3117:50:00,,,,0,,,caipu/403004.jpg,1128
6632,763,609961,,,姜葱炒花蟹,0,1,45,,2016/8/3118:05:00,,,,0,,,caipu/102001.jpg,1135
4857,599,609941,,,清蒸海鱼,0,1,78,,2016/8/3118:05:00,,,,0,,,caipu/103002.jpg,1102
6148,721,609969,,,香辣腐乳炒虾,0,1,56,,2016/8/3118:28:00,,,,0,,,caipu/101004.jpg,1129
4141,533,609962,,,倒立蒸梭子蟹,0,1,169,,2016/8/3118:41:00,,,,0,,,caipu/102002.jpg,1118
4324,551,609967,,,香酥两吃大虾,0,1,89,,2016/8/3119:14:00,,,,0,,,caipu/101002.jpg,1086
5900,695,609970,,,麻辣小龙虾,0,1,99,,2016/8/3120:25:00,,,,0,,,caipu/101006.jpg,1096
4523,570,609941,,,清蒸海鱼,0,1,78,,2016/8/3121:24:00,,,,0,,,caipu/103002.jpg,1113
5846,692,609962,,,倒立蒸梭子蟹,0,1,169,,2016/8/3121:25:00,,,,0,,,caipu/102002.jpg,1155
5327,641,610003,,,蒜香包,0,1,13,,2016/8/3121:28:00,,,,0,,,caipu/503002.jpg,1095
5651,672,609970,,,麻辣小龙虾,0,1,99,,2016/8/3121:38:00,,,,0,,,caipu/101006.jpg,1089
5372,647,610040,,,海带结豆腐汤,0,1,30,,2016/8/3121:45:00,,,,0,,,caipu/105004.jpg,1094
